sample,handler_ms,ui_update_ms,metal_present_ms,passed,entered_ms,contact_id,input_revision,frame_id,encoded_revision,render_began_ms,target_deadline_ms,target_presentation_ms,commit_began_ms,commit_returned_ms,scheduled_ms,transaction_present_requested_ms,gpu_started_ms,gpu_ended_ms,gpu_completion_ms,receipt_delivered_ms
0,2.721791621297598,8.707416651304811,36.6210833308287,false,0.4277499974705279,A7BAF0F7-29ED-48E8-806C-1C07E1E9EBB0,1,A5CA9BD5-946E-4547-A886-ED57EDA084F1,2,9.008666675072163,17.326291650533676,25.662958272732794,9.161208290606737,9.170874953269958,9.280416648834944,missing,9.418708272278309,9.922791621647775,10.031833313405514,37.71224996307865
1,0.5897499504499137,1.0859165922738612,28.287749970331788,false,0.5227499641478062,A7BAF0F7-29ED-48E8-806C-1C07E1E9EBB0,2,A5CA9BD5-946E-4547-A886-ED57EDA084F1,2,0.6753333145752549,8.992958290036768,17.329624912235886,0.8278749301098287,0.8375415927730501,0.9470832883380353,missing,1.0853749117814004,1.5894582611508667,1.6984999529086053,29.37904163263738
2,1.1884166742675006,4.9982916680164635,32.45945833623409,false,1.0782500030472875,A7BAF0F7-29ED-48E8-806C-1C07E1E9EBB0,3,212706CB-807E-4D9C-B0D5-B20341EACA2A,3,4.42775001283735,11.616999981924891,19.95366666233167,4.58474998595193,4.596666665747762,5.255416675936431,missing,5.2949999226257205,5.809166585095227,5.914375011343509,32.81066665658727
3,4.844874958507717,4.969749948941171,36.63116664392874,false,4.764708282891661,A7BAF0F7-29ED-48E8-806C-1C07E1E9EBB0,4,D722434B-3AA1-4324-8FE0-EA910792B1FB,5,11.655083275400102,19.956833275500685,28.293499955907464,11.78954163333401,11.79887494072318,11.887833301443607,missing,12.084166577551514,12.582416587974876,12.75295828236267,38.67262497078627
4,1.1349166743457317,3.828791668638587,28.29783334163949,false,1.092333346605301,A7BAF0F7-29ED-48E8-806C-1C07E1E9EBB0,5,D722434B-3AA1-4324-8FE0-EA910792B1FB,5,3.3217499731108546,11.623499973211437,19.960166653618217,3.4562083310447633,3.4655416384339333,3.554499999154359,missing,3.7508332752622664,4.249083285685629,4.419624980073422,30.339416640345007
5,1.2339582899585366,11.891124944668263,28.301249956712127,false,1.135833270382136,A7BAF0F7-29ED-48E8-806C-1C07E1E9EBB0,6,C4BCD45F-8795-4DC7-8ABF-D0F68B6560E1,7,11.774291633628309,19.96333326678723,28.29999994719401,11.85741665540263,11.865166656207293,11.993666645139456,missing,12.175041600130498,12.682999891694635,12.915874947793782,28.97870831657201
6,1.185750006698072,3.5577916423790157,19.96791665442288,true,1.142291643191129,A7BAF0F7-29ED-48E8-806C-1C07E1E9EBB0,7,C4BCD45F-8795-4DC7-8ABF-D0F68B6560E1,7,3.4409583313390613,11.629999964497983,19.966666644904763,3.524083353113383,3.5318333539180458,3.6603333428502083,missing,3.841708297841251,4.349666589405388,4.582541645504534,20.64545830944553
7,1.2127916561439633,1.2497499701566994,19.97116662096232,true,1.146666647400707,A7BAF0F7-29ED-48E8-806C-1C07E1E9EBB0,8,BDA90F0A-925C-40C6-92BA-ED3A77BB3A1A,8,5.219333281274885,11.633249989245087,19.969916611444205,5.303249985445291,5.311333283316344,5.424041650258005,missing,5.593749927356839,6.139583245385438,6.312333280220628,20.30345832463354
8,1.2569583486765623,3.5272083478048444,19.978166674263775,true,1.1838750215247273,A7BAF0F7-29ED-48E8-806C-1C07E1E9EBB0,9,C651577A-4AF1-4B3E-B4C2-FC6FE6DA4D98,9,3.4279999672435224,11.63650001399219,19.97316663619131,3.4982499782927334,3.5056666820310056,3.6038749967701733,missing,3.6219999310560524,5.545666615944356,5.8278333162888885,20.297708339057863
9,1.1787916300818324,3.48062498960644,19.97791661415249,true,1.0984999826177955,A7BAF0F7-29ED-48E8-806C-1C07E1E9EBB0,10,4BF5AE40-A47F-4D77-A88B-DB378098C539,10,3.384249983355403,11.639749980531633,19.97641660273075,3.4511249396018684,3.4583333181217313,3.5469583235681057,missing,3.5849165869876742,4.104791616555303,4.270208301022649,20.279541611671448
10,1.254500006325543,3.503874992020428,19.981249992270023,true,1.1774583254009485,A7BAF0F7-29ED-48E8-806C-1C07E1E9EBB0,11,05C85921-82B0-4328-A1F5-38C7FEDAB7E6,11,3.4084999933838844,11.643000005278736,19.979666627477854,3.4678333322517574,3.477125021163374,3.5744166816584766,missing,3.608833299949765,4.105333297047764,4.324249981436878,20.34241665387526
11,1.1738749453797936,3.458249964751303,19.984708284027874,true,1.1013332987204194,A7BAF0F7-29ED-48E8-806C-1C07E1E9EBB0,12,CD479044-5A9A-4EE0-95C1-D875396410A6,12,3.366874996572733,11.646416620351374,19.983083358965814,3.429833333939314,3.4365833271294832,3.523999999742955,missing,3.5640415735542774,4.064999928232282,4.249874968081713,20.302916644141078
12,1.2493333197198808,3.4713749773800373,19.987999985460192,true,1.179250015411526,A7BAF0F7-29ED-48E8-806C-1C07E1E9EBB0,13,D3A0B572-37F7-488A-8C48-C3B2E51781C6,13,3.392375016119331,11.649499996565282,19.98616667697206,3.4460416645742953,3.4527499810792506,3.5329583333805203,missing,3.5670415963977575,4.063541651703417,4.22270834678784,20.34024999011308
13,1.1968333274126053,3.459458297584206,19.991374982055277,true,1.130041666328907,A7BAF0F7-29ED-48E8-806C-1C07E1E9EBB0,14,18ACF646-CFDF-4B05-8D7F-E490BA1F36EF,14,3.37199994828552,11.652749963104725,19.989416643511504,3.432666650041938,3.439208318013698,3.5209166235290468,missing,3.5603332798928022,4.060833249241114,4.243333300109953,20.493458316195756
14,1.2623333605006337,3.475708363112062,19.994666683487594,true,1.191583345644176,A7BAF0F7-29ED-48E8-806C-1C07E1E9EBB0,15,09D85750-56D6-4506-9A4B-C8E453892624,15,3.396500018425286,11.655999987851828,19.992666668258607,3.4510833211243153,3.4577083424665034,3.5331249819137156,missing,3.5719166044145823,4.070624941959977,4.290666664019227,20.33158333506435
15,1.2028333148919046,3.5439583007246256,19.998000003397465,true,1.1312083224765956,A7BAF0F7-29ED-48E8-806C-1C07E1E9EBB0,16,64C4DF9B-EF3C-4452-BB54-9A0D5C7A1421,16,3.449291631113738,11.65924995439127,19.99591663479805,3.5104999551549554,3.518916666507721,3.6141666350886226,missing,3.7492915871553123,4.255791602190584,4.377249977551401,20.295708323828876
16,1.2373749632388353,3.48695827415213,20.00137494178489,false,1.161791617050767,A7BAF0F7-29ED-48E8-806C-1C07E1E9EBB0,17,106BE4E1-4665-401D-A64E-768EC2AFF971,17,3.4028333029709756,11.662499979138374,19.999166601337492,3.460333275143057,3.466916619800031,3.5606249584816396,missing,3.5843332298099995,4.08395822159946,4.371791612356901,20.354666630737484
17,1.1884582927450538,3.471874981187284,20.004749996587634,false,1.1237083235755563,A7BAF0F7-29ED-48E8-806C-1C07E1E9EBB0,18,532E722A-A4B1-4894-B884-442EE140CBA5,18,3.3862499985843897,11.665750003885478,20.002416626084596,3.4454999840818346,3.4520833287388086,3.5344999632798135,missing,3.5727915819734335,4.079249920323491,4.263375012669712,20.618250011466444
18,1.3004165957681835,3.491374955046922,20.00804163981229,false,1.2282499810680747,A7BAF0F7-29ED-48E8-806C-1C07E1E9EBB0,19,9EE2637E-C932-49B9-8F14-B30C3F076516,19,3.411124984268099,11.66899997042492,20.00566659262404,3.4658749355003238,3.4720833064056933,3.5504582920111716,missing,3.586916602216661,4.08845825586468,4.264333285391331,20.58604161720723
19,1.1751250131055713,3.5373333375900984,20.011416636407375,false,1.1129999766126275,A7BAF0F7-29ED-48E8-806C-1C07E1E9EBB0,20,84CF2871-4EC0-4056-A4A3-21FEEEE2E080,20,3.452291653957218,11.672249995172024,20.008916617371142,3.510833310429007,3.5171249764971435,3.59858333831653,missing,3.644124954007566,4.155958304181695,4.35354164801538,20.557041629217565
20,1.2307916185818613,3.5668749478645623,20.01479163300246,false,1.1569166090339422,A7BAF0F7-29ED-48E8-806C-1C07E1E9EBB0,21,C5D96829-8CBF-431A-B278-B523605BEA1F,21,3.47612495534122,11.675499961711466,20.012166642118245,3.5301666357554495,3.5481249797157943,3.617416601628065,missing,3.6561249289661646,4.158874915447086,4.348541609942913,20.582916622515768
21,1.0559166548773646,3.547083353623748,20.018166629597545,false,0.9839166305027902,A7BAF0F7-29ED-48E8-806C-1C07E1E9EBB0,22,4778627F-71B1-4E26-AFB2-F6C1E0D58C01,22,3.4587083500809968,11.67874998645857,20.01541666686535,3.5178749822080135,3.5260000149719417,3.6113749956712127,missing,3.6472082720138133,4.156166629400104,4.343374981544912,20.341416646260768
22,1.2133332784287632,3.571124980226159,20.0214582728222,false,1.1390416184440255,A7BAF0F7-29ED-48E8-806C-1C07E1E9EBB0,23,5AB03653-5041-4017-B4B2-EDE897250C50,23,3.484124958049506,11.681999952998012,20.01866663340479,3.535583324264735,3.552916634362191,3.617374983150512,missing,3.6573749384842813,4.163083271123469,4.355666635092348,20.37479163846001
23,0.9024583268910646,3.5502916434779763,20.024833327624947,false,0.8360416395589709,A7BAF0F7-29ED-48E8-806C-1C07E1E9EBB0,24,B7F3B5AB-80F0-4EE2-8E4C-24264F50EF0D,24,3.461666638031602,11.685249977745116,20.021916658151895,3.5234999959357083,3.530416637659073,3.624791686888784,missing,3.667999932076782,4.178124945610762,4.362041654530913,20.320708339568228
24,1.2488749925978482,3.5062916576862335,20.02820832422003,false,1.1789582786150277,A7BAF0F7-29ED-48E8-806C-1C07E1E9EBB0,25,339BFD27-9C77-4892-B01B-8E48E0E3EC0A,25,3.4289166214875877,11.688499944284558,20.025166624691337,3.481333318632096,3.487833309918642,3.569708322174847,missing,3.605083271395415,4.11108328262344,4.334124969318509,20.714916638098657
25,1.1627916828729212,3.534124989528209,20.03150002565235,false,1.0994166950695217,A7BAF0F7-29ED-48E8-806C-1C07E1E9EBB0,26,FEE4CEB0-5DF4-4C01-AAD1-900714A5126C,26,3.4507500240579247,11.691750027239323,20.02841664943844,3.5078333457931876,3.5148750175721943,3.5947916912846267,missing,3.6313749733380973,4.142833291552961,4.3294166680425406,20.446458307560533
26,1.5917499549686909,3.7221249658614397,20.034791610669345,false,1.317499962169677,A7BAF0F7-29ED-48E8-806C-1C07E1E9EBB0,27,85E2BB08-5C61-4AAA-8B57-B0DF53FA7604,27,3.46754165366292,11.694999993778765,20.031666615977883,3.6443332792259753,3.6603749613277614,3.809874993748963,missing,3.9121248992159963,4.422874946612865,4.676374956034124,20.50262497505173
27,1.3908333494327962,3.6944583407603204,20.03816666547209,false,1.1512916535139084,A7BAF0F7-29ED-48E8-806C-1C07E1E9EBB0,28,50BF0359-657B-4D9F-9FE0-AEA7D504BDCD,28,3.4318333491683006,11.698250018525869,20.034916640724987,3.6190833197906613,3.6365416599437594,3.880916687194258,missing,3.980916633736342,4.495291621424258,4.703708342276514,20.450583309866488
28,1.4534583315253258,3.8152083288878202,20.04158333875239,false,1.139458327088505,A7BAF0F7-29ED-48E8-806C-1C07E1E9EBB0,29,750D68ED-6E91-45BD-AF94-57AE49597866,29,3.4940832993015647,11.701499985065311,20.03816660726443,3.7058332818560302,3.727333329152316,3.9295416208915412,missing,4.037249949760735,4.548874916508794,4.803416668437421,20.535083313006908
29,1.6276250244118273,3.7577083567157388,20.044874981977046,false,1.3159583322703838,A7BAF0F7-29ED-48E8-806C-1C07E1E9EBB0,30,771ACDC2-5DDB-4CDF-A3D0-5D92B0BE5740,30,3.4686250146478415,11.704750009812415,20.041416690219194,3.6827916628681123,3.702000016346574,3.930708335246891,missing,4.036999947857112,4.551499965600669,4.71933331573382,20.524833351373672
30,1.581791671924293,3.842624952085316,20.04824997857213,false,1.194374985061586,A7BAF0F7-29ED-48E8-806C-1C07E1E9EBB0,31,6855EC5D-1642-4179-9903-31D2E18ECFF5,31,3.439916647039354,11.707999976351857,20.044666656758636,3.7198750069364905,3.743374953046441,3.9896666421554983,missing,4.022416600491852,4.534416599199176,4.802458337508142,20.71891666855663
31,0.7842082995921373,3.788166621234268,20.051624975167215,false,0.5475415964610875,A7BAF0F7-29ED-48E8-806C-1C07E1E9EBB0,32,9872DE7D-111C-4BF1-A479-96ACA9A94BFF,32,3.4329165937379003,11.7112499428913,20.04791662329808,3.620208299253136,3.64041660213843,3.8702499587088823,missing,3.9767498965375125,4.491958243306726,4.631583287846297,20.50691662589088
32,1.713541627395898,4.021791624836624,20.0549999717623,false,1.3665833394043148,A7BAF0F7-29ED-48E8-806C-1C07E1E9EBB0,33,292FCDEC-0CF9-499A-B760-3100E305E7E5,33,3.5482916282489896,11.714499967638403,20.051166648045182,3.86699999216944,3.9067083271220326,4.255999985616654,missing,4.286249924916774,4.800666589289904,5.085541633889079,21.063874999526888
33,0.9869165951386094,3.8211666396819055,20.058249938301742,false,0.7591666071675718,A7BAF0F7-29ED-48E8-806C-1C07E1E9EBB0,34,64A8FD96-F71F-4D3E-AA08-BBB15B61E51E,34,3.4984166268259287,11.717749934177846,20.054416614584625,3.7312499480322003,3.7533332942985,3.909916616976261,missing,4.010916571132839,4.529041587375104,4.7067916020751,20.465333305764943
34,1.7167499754577875,4.3495832942426205,20.0616666697897,false,1.2406666646711528,A7BAF0F7-29ED-48E8-806C-1C07E1E9EBB0,35,AA060418-7695-49AC-93F2-81FAF88F1F52,35,3.629624960012734,11.72100001713261,20.057666639331728,4.113500006496906,4.166708327829838,4.5487500028684735,missing,4.493208252824843,5.008208274375647,5.281916644889861,21.028916642535478
35,1.7162499716505408,3.749833267647773,20.064999989699572,false,1.339999958872795,A7BAF0F7-29ED-48E8-806C-1C07E1E9EBB0,36,8B67C1E5-D128-45A0-86BC-4E522393FF29,36,3.459624946117401,11.724249983672053,20.06091660587117,3.668208315502852,3.6834166385233402,3.9022082928568125,missing,4.003624897450209,4.524124902673066,4.705083265434951,20.522333274129778
36,1.7903749831020832,4.314499965403229,20.068333309609443,false,1.3070833520032465,A7BAF0F7-29ED-48E8-806C-1C07E1E9EBB0,37,C9158576-F93B-4B0E-9C2B-ADA1D160FA47,37,3.569041669834405,11.727500008419156,20.064166630618274,4.105874977540225,4.1527083376422524,4.501916642766446,missing,4.474666609894484,4.992541624233127,5.326583341229707,21.169041632674634
37,0.9939999436028302,3.7805416504852474,20.071666629519314,false,0.7571249734610319,A7BAF0F7-29ED-48E8-806C-1C07E1E9EBB0,38,A682EDF6-4DB8-47DA-A8A9-ED4F465D63B5,38,3.5039999638684094,11.730749974958599,20.067416597157717,3.702208283357322,3.717208281159401,3.9226249791681767,missing,4.031208227388561,4.553249920718372,4.735791648272425,20.49158327281475
38,1.4436666388064623,4.450958338566124,20.075000007636845,false,0.9659583447501063,A7BAF0F7-29ED-48E8-806C-1C07E1E9EBB0,39,44C9D9C3-E2B5-49FA-B589-A7CEA1ED9401,39,3.547874977812171,11.733999999705702,20.07066662190482,4.205666657071561,4.2577083222568035,4.661749990191311,missing,4.598999978043139,5.1172916428186,5.327416642103344,21.179666684474796
39,1.919749949593097,3.8044583052396774,20.078333327546716,false,1.6639999812468886,A7BAF0F7-29ED-48E8-806C-1C07E1E9EBB0,40,C56ABE8A-F85D-4515-9A9B-EE11253870A1,40,3.526791639160365,11.737249966245145,20.073916646651924,3.7197499768808484,3.7394582759588957,3.917166613973677,missing,4.018833278678358,4.54379158327356,4.731541615910828,20.51504165865481
40,1.8030416686087847,4.462333337869495,20.081750000827014,false,1.3274999801069498,A7BAF0F7-29ED-48E8-806C-1C07E1E9EBB0,41,830F10C2-ECE8-433F-AC57-81BB60FD85B4,41,3.7442916654981673,11.740499990992248,20.077166671399027,4.206458339467645,4.268374992534518,4.656500008422881,missing,4.59483329905197,5.114624975249171,5.435041675809771,21.155500027816743
41,1.6017082962207496,3.7631249870173633,20.085083320736885,false,1.3005833025090396,A7BAF0F7-29ED-48E8-806C-1C07E1E9EBB0,42,7B51DF9F-14DD-493B-ACC1-105E8D1C671C,42,3.48266662331298,11.74374995753169,20.08041663793847,3.6712916335090995,3.691333287861198,3.922999952919781,missing,4.026166570838541,4.550874931737781,4.734583315439522,20.495999953709543
42,1.0979999788105488,4.437666677404195,20.08845831733197,false,0.5816666525788605,A7BAF0F7-29ED-48E8-806C-1C07E1E9EBB0,43,33B23951-725E-4D0E-B5E9-404C9B5C9C9B,43,3.72158334357664,11.746999982278794,20.083666662685573,4.179125011432916,4.2316666804254055,4.651374998502433,missing,4.599416628479958,5.122416652739048,5.3898749756626785,21.015500009525567
43,1.7262083129025996,3.8089582812972367,20.09179163724184,false,1.3986666454002261,A7BAF0F7-29ED-48E8-806C-1C07E1E9EBB0,44,07DD488A-8946-4C61-A9D4-C6F376ECF0BC,44,3.512374998535961,11.750249948818237,20.086916629225016,3.728833282366395,3.7496250006370246,3.9867499726824462,missing,4.088083282113075,4.614624951500446,4.8057083040475845,20.502750005107373
44,1.8231666763313115,4.298458341509104,20.095083338674158,false,1.3022083439864218,A7BAF0F7-29ED-48E8-806C-1C07E1E9EBB0,45,FCD67BAA-60BC-451A-8AED-B92C7690C54D,45,3.5968333249911666,11.753500031773001,20.09016665397212,4.0586667018942535,4.108166671358049,4.482583317440003,missing,4.4205416343174875,4.944374959450215,5.218000034801662,21.1221250356175
45,1.7486666329205036,3.8152916240505874,20.098499953746796,false,1.4582083094865084,A7BAF0F7-29ED-48E8-806C-1C07E1E9EBB0,46,4A6EA636-2A6B-40E3-9EAB-F520C8F965EB,46,3.5177916288375854,11.756749998312443,20.09341662051156,3.7358333356678486,3.7532916758209467,3.9079999551177025,missing,4.006916598882526,4.536916618235409,4.71129163634032,20.516499993391335
46,1.2662083026953042,4.40362497465685,20.101791596971452,false,0.7648749742656946,A7BAF0F7-29ED-48E8-806C-1C07E1E9EBB0,47,35682D6B-95C5-4CCF-8305-04C4004E1732,47,3.7320416304282844,11.759999964851886,20.096666587051004,4.179124953225255,4.237333312630653,4.7362082987092435,missing,4.662624909542501,5.189708259422332,5.361083312891424,21.1278332863003
47,1.5445416793227196,3.74904164345935,20.105124975088984,false,1.276249997317791,A7BAF0F7-29ED-48E8-806C-1C07E1E9EBB0,48,4874CCE6-50E3-4D12-B86D-1AB5E98F7FC8,48,3.48062498960644,11.76324998959899,20.099916611798108,3.6722083459608257,3.6880416446365416,3.9225833024829626,missing,4.032291588373482,4.562249931041151,4.794958338607103,20.512624992989004
48,1.8511665984988213,4.409958317410201,20.10849997168407,false,1.2846249737776816,A7BAF0F7-29ED-48E8-806C-1C07E1E9EBB0,49,3CD27B85-196F-4AD5-A4AE-54939D1A6581,49,3.6374583141878247,11.766499956138432,20.10316663654521,4.174374975264072,4.223499970976263,4.564041621051729,missing,4.529166559223086,5.056458234321326,5.313208268489689,21.145791630260646
49,1.5487499767914414,3.825166670139879,20.111874968279153,false,1.280499971471727,A7BAF0F7-29ED-48E8-806C-1C07E1E9EBB0,50,C7784FFA-FD34-4535-917C-A990CB3573A1,50,3.5280833253636956,11.769749980885535,20.106416661292315,3.7517916643992066,3.7692500045523047,3.9137083222158253,missing,4.0209582657553256,4.553249920718372,4.757541639264673,20.567125000525266
50,1.8507082713767886,4.425791616085917,20.115208288189024,false,1.3108333223499358,A7BAF0F7-29ED-48E8-806C-1C07E1E9EBB0,51,E3045387-66A9-4EEB-8DD4-1061E4683786,51,3.7334999651648104,11.772999947424978,20.109666627831757,4.1889166459441185,4.244458279572427,4.694541625212878,missing,4.571416589897126,5.100499896798283,5.612374981865287,21.005083282943815
51,1.4134999946691096,3.828083339612931,20.118541666306555,false,1.1675833375193179,A7BAF0F7-29ED-48E8-806C-1C07E1E9EBB0,52,89C78614-F59E-4948-83D7-0ECFCB270872,52,3.568333340808749,11.776249972172081,20.11291665257886,3.756499965675175,3.7713749916292727,3.993208345491439,missing,4.101666621863842,4.634208278730512,4.824083298444748,20.52062499569729
52,1.8396249506622553,4.286124953068793,20.12191660469398,false,1.255208277143538,A7BAF0F7-29ED-48E8-806C-1C07E1E9EBB0,53,B4FC662C-5CE5-44EF-A4E6-E4FB0178313C,53,3.5829166299663484,11.779499938711524,20.116166619118303,4.059708269778639,4.115249961614609,4.500124952755868,missing,4.461708245798945,4.991583235096186,5.278749973513186,21.125833271071315
53,1.5315000200644135,3.8177500246092677,20.125291659496725,false,1.2594999861903489,A7BAF0F7-29ED-48E8-806C-1C07E1E9EBB0,54,4C831526-06DF-45C6-9945-DC55AD2A640B,54,3.5512083559297025,11.782750021666288,20.119416643865407,3.741166670806706,3.758458304218948,3.9296666509471834,missing,4.042791610118002,4.576374951284379,4.739791678730398,20.554791670292616
54,2.0272082765586674,4.4046666589565575,20.128541626036167,false,1.5204166411422193,A7BAF0F7-29ED-48E8-806C-1C07E1E9EBB0,55,86554C5E-BB56-48C3-BE10-8BADE269396A,55,3.6396249779500067,11.785999988205731,20.12266661040485,4.147124942392111,4.203249991405755,4.614999983459711,missing,4.530208243522793,5.062166601419449,5.333249981049448,21.283166657667607
55,1.5068333595991135,3.796833334490657,20.131916680838913,false,1.2230833526700735,A7BAF0F7-29ED-48E8-806C-1C07E1E9EBB0,56,96B57709-963F-4169-AE2E-042E5A614D6C,56,3.5280833253636956,11.789250012952834,20.125916635151953,3.7220416706986725,3.7395000108517706,3.9789166767150164,missing,4.085708293132484,4.62024996522814,4.801208327990025,20.53712500492111
56,1.8608333193697035,4.559666616842151,20.135291619226336,false,1.358083332888782,A7BAF0F7-29ED-48E8-806C-1C07E1E9EBB0,57,4CA68CAD-65B4-4679-A5E8-421970AAFA5D,57,3.6559999571181834,11.792499979492277,20.129166601691395,4.28416661452502,4.340291663538665,4.720333323348314,missing,4.6660415828228,5.198166589252651,5.441374960355461,21.05929161189124
57,1.5589583199471235,3.8007916882634163,20.138666674029082,false,1.2547083315439522,A7BAF0F7-29ED-48E8-806C-1C07E1E9EBB0,58,B5060F34-7EAE-41A9-83ED-E1890932DFB1,58,3.5351666738279164,11.79575000423938,20.13241668464616,3.7204999825917184,3.739124978892505,3.9103750023059547,missing,4.016291641164571,4.552416619844735,4.737291659694165,20.555458322633058
58,1.9340416183695197,4.335791629273444,20.141999993938953,false,1.3232083292677999,A7BAF0F7-29ED-48E8-806C-1C07E1E9EBB0,59,85EED69E-36CD-4EA2-8FB7-AB2AEDF93603,59,3.638958325609565,11.798999970778823,20.135666651185602,4.08641662215814,4.14699997054413,4.542541631963104,missing,4.473708278965205,5.007458268664777,5.320958327502012,21.016999962739646
59,1.5465416945517063,3.7850000080652535,20.145333313848823,false,1.3090416905470192,A7BAF0F7-29ED-48E8-806C-1C07E1E9EBB0,60,CAC7334E-5E7B-4C56-BF71-6CE507BD705F,60,3.5318333539180458,11.802249995525926,20.138916675932705,3.7110000266693532,3.7305416772142053,3.9643750060349703,missing,4.072249983437359,4.607999988365918,4.719791701063514,20.61200002208352
60,1.1577082914300263,4.297000006772578,20.148666633758694,false,0.6308333249762654,A7BAF0F7-29ED-48E8-806C-1C07E1E9EBB0,61,F21BF303-657F-4269-AD94-2779F748F3F1,61,3.6266249953769147,11.805499962065369,20.142166642472148,4.062708292622119,4.116458294447511,4.626541631296277,missing,4.5515832607634366,5.086291581392288,5.3797499858774245,21.086166671011597
61,1.5191249549388885,3.8856249302625656,20.152083307038993,false,1.2985416105948389,A7BAF0F7-29ED-48E8-806C-1C07E1E9EBB0,62,CC614675-8F2B-4766-B113-F9DFC9682DA7,62,3.537166630849242,11.808749928604811,20.14541660901159,3.7234165938571095,3.7422499735839665,3.982874972280115,missing,4.0954999276436865,4.632749885786325,4.801416595000774,20.517874974757433
62,1.9372499664314091,4.365291679278016,20.15537500847131,false,1.4418333303183317,A7BAF0F7-29ED-48E8-806C-1C07E1E9EBB0,63,D46FC915-2F96-47EE-A2A7-54A40B4538EF,63,3.6725833197124302,11.812000011559576,20.148666633758694,4.105958330910653,4.163125006016344,4.539541667327285,missing,4.489374929107726,5.024416605010629,5.2682916284538805,20.675458305049688
63,1.5097499708645046,3.827874956186861,20.158749946858734,false,1.267583284061402,A7BAF0F7-29ED-48E8-806C-1C07E1E9EBB0,64,083BA049-92A0-44A8-9062-DF6D0C05A5FB,64,3.5401249770075083,11.815249978099018,20.151916600298136,3.739791631232947,3.7610832951031625,3.919791604857892,missing,4.020416585262865,4.5609582448378205,4.753249930217862,20.752999931573868
64,2.047208312433213,3.9854166680015624,20.162083324976265,false,1.4489166787825525,A7BAF0F7-29ED-48E8-806C-1C07E1E9EBB0,65,CD302D04-D9C7-49F8-8CF8-2711952254EA,65,3.6893750075250864,11.818500002846122,20.15516662504524,3.906374971847981,3.9262499776668847,4.157583345659077,missing,4.265458264853805,4.802374925930053,4.998624965082854,21.175833302550018
65,1.033708278555423,3.8738332805223763,20.165416644886136,false,0.8185832994058728,A7BAF0F7-29ED-48E8-806C-1C07E1E9EBB0,66,698E780E-269B-40EB-9775-F1B7890F6BF8,66,3.5460832878015935,11.821749969385564,20.158416591584682,3.777374979108572,3.797708312049508,3.964291652664542,missing,4.06562490388751,4.6079999301582575,4.761083284392953,20.593166642356664
66,1.4660833403468132,4.448416642844677,20.16879164148122,false,1.2034999672323465,A7BAF0F7-29ED-48E8-806C-1C07E1E9EBB0,67,834A0E76-AB9C-4E0A-BFEC-29CD79B02E86,67,3.734749974682927,11.824999994132668,20.161666674539447,4.200999974273145,4.259583307430148,4.74870833568275,missing,4.695791634730995,5.236833298113197,5.5527499644085765,21.159041672945023
67,1.4189166249707341,3.902041644323617,20.17212496139109,false,1.1551666539162397,A7BAF0F7-29ED-48E8-806C-1C07E1E9EBB0,68,C5C4A582-6B9D-493B-A739-8EF8BBFA0C36,68,3.6077499389648438,11.82824996067211,20.16491664107889,3.8176666130311787,3.836791613139212,3.9904166478663683,missing,4.099874931853265,4.648874921258539,4.8266249359585345,20.606916630640626
68,1.924833341035992,4.434541682712734,20.175500016193837,false,1.3261249987408519,A7BAF0F7-29ED-48E8-806C-1C07E1E9EBB0,69,80349F56-3953-4313-A46B-A9B8EAAAE3B5,69,3.7206250126473606,11.831499985419214,20.168166665825993,4.187958315014839,4.2482499848119915,4.656416655052453,missing,4.586624971125275,5.125999974552542,5.333625013008714,21.177083312068135
69,1.157416612841189,3.914291621185839,20.178833277896047,false,0.9269999573007226,A7BAF0F7-29ED-48E8-806C-1C07E1E9EBB0,70,6429CF38-07ED-4203-8C55-5027A030A916,70,3.5995416110381484,11.834749951958656,20.171416632365435,3.8327082875184715,3.8524166448041797,4.049458308145404,missing,4.152833251282573,4.697541589848697,4.843499977141619,20.5939999432303
70,1.8367916927672923,4.451541637536138,20.182166656013578,false,1.348750025499612,A7BAF0F7-29ED-48E8-806C-1C07E1E9EBB0,71,8D71D28C-73D2-484E-B606-848B05B088F6,71,3.6974999820813537,11.83799997670576,20.17466665711254,4.193791653960943,4.252124985214323,4.656708333641291,missing,4.578499938361347,5.121208261698484,5.352791689801961,21.12212497740984
71,1.6709999763406813,3.9028749451972544,20.189208327792585,false,1.3964999816380441,A7BAF0F7-29ED-48E8-806C-1C07E1E9EBB0,72,905F1DA9-6D5F-4675-B03E-FE222E534039,72,3.6262082867324352,11.841250001452863,20.17791662365198,3.819916630163789,3.8406249950639904,4.073624964803457,missing,4.1765415808185935,4.721416567917913,4.853041667956859,20.651291648391634
72,1.8569166422821581,4.39654168440029,20.188916649203748,false,1.3051250134594738,A7BAF0F7-29ED-48E8-806C-1C07E1E9EBB0,73,7D04EB2C-9169-4AAC-BAA6-7D62C98962F0,73,3.7096666637808084,11.844500026199967,20.181166648399085,4.156833339948207,4.21391666168347,4.690333327744156,missing,4.64233331149444,5.1864166161976755,5.399208341259509,21.188416692893952
73,1.553458336275071,3.9580416632816195,20.19216661574319,false,1.2793749920092523,A7BAF0F7-29ED-48E8-806C-1C07E1E9EBB0,74,422D7DB4-37C8-450F-AF27-A16749BB5F03,74,3.633958287537098,11.84774999273941,20.184416614938527,3.8741666357964277,3.8907916168682277,4.076249955687672,missing,4.181499942205846,4.729833279270679,4.862999951001257,20.74774994980544
74,1.9690000335685909,4.461791657377034,20.195541670545936,false,1.428958319593221,A7BAF0F7-29ED-48E8-806C-1C07E1E9EBB0,75,C91448CC-AFAA-461B-BE91-C504035E6DCA,75,3.7661666865460575,11.851166666019708,20.187833346426487,4.21691668452695,4.271916695870459,4.645083332434297,missing,4.595874983351678,5.140541645232588,5.350666702724993,21.11912501277402
75,0.9398332913406193,4.052291624248028,20.198874990455806,false,0.5454166675917804,A7BAF0F7-29ED-48E8-806C-1C07E1E9EBB0,76,28A89ACC-4303-4DD0-AED3-8BD2E2A36582,76,3.7047916557639837,11.854249984025955,20.190916606225073,3.951166640035808,3.9709582924842834,4.170208296272904,missing,4.274541628547013,4.825416603125632,4.9576666206121445,20.64395829802379
76,1.4639999717473984,4.393208306282759,20.20224992884323,false,0.9440416470170021,A7BAF0F7-29ED-48E8-806C-1C07E1E9EBB0,77,E056F125-FEBF-410D-A733-DFB0BB5C9FAD,77,3.6611249670386314,11.857499950565398,20.194166630972177,4.143333295360208,4.20062494231388,4.563416645396501,missing,4.536833264864981,5.083499883767217,5.330958287231624,20.71654162136838
77,1.5594166470691562,3.893791639711708,20.20558330696076,false,1.2627500109374523,A7BAF0F7-29ED-48E8-806C-1C07E1E9EBB0,78,742FE85F-6558-45BB-9611-B8221EEED8D4,78,3.5973333287984133,11.860749975312501,20.19741665571928,3.806249995250255,3.8224583258852363,4.0665832930244505,missing,4.189124912954867,4.7412499552592635,4.875458311289549,20.643875002861023
78,1.520916644949466,4.014916601590812,20.208958303555846,false,1.1975415982306004,A7BAF0F7-29ED-48E8-806C-1C07E1E9EBB0,79,824594CA-0574-45C7-8F88-42F06CECE22A,79,3.616624977439642,11.863999941851944,20.200666622258723,3.880041651427746,3.907499951310456,4.132874950300902,missing,4.2069165501743555,4.7564166015945375,4.9779166001826525,21.11891662934795
79,0.8028749725781381,3.9484999724663794,20.212250004988164,false,0.5582083249464631,A7BAF0F7-29ED-48E8-806C-1C07E1E9EBB0,80,3EE51247-6B7A-4F82-8C93-C24BBD017F77,80,3.6140833399258554,11.867249966599047,20.203916647005826,3.8515833439305425,3.870916669256985,4.030250012874603,missing,4.131583264097571,4.6847499324940145,4.86045831348747,20.669541670940816
80,0.8578749839216471,4.391666618175805,20.215624943375587,false,0.32804161310195923,A7BAF0F7-29ED-48E8-806C-1C07E1E9EBB0,81,B6DCB0D5-5657-4996-8692-A3820C02999C,81,3.6735832691192627,11.87049993313849,20.20716661354527,4.146749968640506,4.203041607979685,4.605708294548094,missing,4.543916555121541,5.094624939374626,5.302124947775155,21.09458326594904
81,1.5018333215266466,3.972916631028056,20.218999998178333,false,1.2442499864846468,A7BAF0F7-29ED-48E8-806C-1C07E1E9EBB0,82,B7071ED0-518F-47D6-887B-80A85C121BD5,82,3.5998749663122,11.873750016093254,20.210416638292372,3.863416670355946,3.8827499956823885,4.042749991640449,missing,4.147958301473409,4.706166626419872,4.849416669458151,20.644333329983056
82,2.0910833263769746,4.3669999577105045,20.222333318088204,false,1.5340416575782,A7BAF0F7-29ED-48E8-806C-1C07E1E9EBB0,83,7D34D39A-E4BB-4AB1-94A7-5AD044407C4D,83,3.661624970845878,11.876999982632697,20.213666604831815,4.127874970436096,4.184333316516131,4.660041653551161,missing,4.606708243954927,5.1591249066405,5.432458303403109,21.262458292767406
83,1.061208313331008,3.923000011127442,20.225666637998074,false,0.822375004645437,A7BAF0F7-29ED-48E8-806C-1C07E1E9EBB0,84,FC6B29BC-B5AB-47C9-ACCF-4DF1F78E6955,84,3.608791681472212,11.8802500073798,20.216916629578918,3.8239166606217623,3.8420416531153023,4.071208357345313,missing,4.1749999509193,4.733416601084173,4.89187496714294,20.685374969616532
84,1.3849582755938172,4.533041617833078,20.22904163459316,false,0.9099999442696571,A7BAF0F7-29ED-48E8-806C-1C07E1E9EBB0,85,9D53B63A-468E-4A8C-9D36-E48B20A0C7C6,85,3.6929583293385804,11.883499973919243,20.22016659611836,4.280249995645136,4.325208312366158,4.760666633956134,missing,4.700541612692177,5.25541661772877,5.518458317965269,21.06795832514763
85,1.6109999851323664,3.9919583359733224,20.232416689395905,false,1.3742499868385494,A7BAF0F7-29ED-48E8-806C-1C07E1E9EBB0,86,1A267A67-D11E-49AE-B44B-D0E9453C628B,86,3.683208313304931,11.886749998666346,20.223416679073125,3.9117083069868386,3.930833307094872,4.136333358474076,missing,4.241208313032985,4.799583286512643,5.014750000555068,20.71204164531082
86,1.8537082942202687,4.340499988757074,20.23579162778333,false,1.316041627433151,A7BAF0F7-29ED-48E8-806C-1C07E1E9EBB0,87,8DA17420-8E2E-4544-A16C-BBA4D1BCB2B7,87,3.6935416283085942,11.889999965205789,20.226666645612568,4.121291625779122,4.167499952018261,4.569874959997833,missing,4.502624913584441,5.05691661965102,5.2460833103396,21.122749953065068
87,1.8615416483953595,3.990125027485192,20.239083329215646,false,1.4100000262260437,A7BAF0F7-29ED-48E8-806C-1C07E1E9EBB0,88,C4D3D0B3-F97A-40B5-8856-FF2453CF2E18,88,3.6879166727885604,11.893249989952892,20.22991667035967,3.8994166534394026,3.9147916832007468,4.137000010814518,missing,4.242166643962264,4.805041651707143,4.95954166399315,20.64479165710509
88,1.8508749781176448,4.394166637212038,20.24245832581073,false,1.2561249895952642,A7BAF0F7-29ED-48E8-806C-1C07E1E9EBB0,89,3B83804E-3048-49C7-B2AB-071AB1542169,89,3.7162083317525685,11.896499956492335,20.233166636899114,4.171916632913053,4.230708291288465,4.763458331581205,missing,4.701083234976977,5.2638749475590885,5.57187496451661,21.13554166862741
89,1.5078333672136068,3.949625010136515,20.2457916457206,false,1.250958361197263,A7BAF0F7-29ED-48E8-806C-1C07E1E9EBB0,90,1A8D40C2-4092-421E-8406-3D063F5BF70D,90,3.6271249991841614,11.899749981239438,20.236416661646217,3.8560417015105486,3.8761666510254145,4.04512498062104,missing,4.14699997054413,4.7101666568778455,4.867041658144444,20.722625020425767
90,1.1240832973271608,4.405291634611785,20.249083288945258,false,0.5996249965392053,A7BAF0F7-29ED-48E8-806C-1C07E1E9EBB0,91,7ED935E3-5707-4961-905C-A0CA2E5CB6E8,91,3.705791663378477,11.903000005986542,20.23966662818566,4.144374979659915,4.210791666992009,4.610791627783328,missing,4.553916573058814,5.112458253279328,5.436666659079492,21.337291633244604
91,1.7242082976736128,4.028416646178812,20.252458285540342,false,1.4087916351854801,A7BAF0F7-29ED-48E8-806C-1C07E1E9EBB0,92,FD8B0ED0-2F3A-4369-9D41-2C01FC173CF4,92,3.635541594121605,11.906249972525984,20.242916594725102,3.8494166219606996,3.865666629280895,4.037166596390307,missing,4.141958255786449,4.704208229668438,4.9062916077673435,20.664999959990382
92,1.969708304386586,4.602791625075042,20.25587495882064,false,1.4016249915584922,A7BAF0F7-29ED-48E8-806C-1C07E1E9EBB0,93,BA06BE59-463F-4827-B8F0-AB2EB4D3EC51,93,3.726666676811874,11.909499997273088,20.246166619472206,4.357416648417711,4.417208314407617,4.825624986551702,missing,4.754874913487583,5.314874928444624,5.606624996289611,21.053041622508317
93,1.4259166200645268,3.9470833144150674,20.25920827873051,false,1.175541605334729,A7BAF0F7-29ED-48E8-806C-1C07E1E9EBB0,94,A5A74ED6-AC5A-4F43-A2F5-065B0BBC2597,94,3.652791609056294,11.91274996381253,20.249416586011648,3.859166637994349,3.874291607644409,4.088499932549894,missing,4.191916552372277,4.754666588269174,4.889291594736278,20.69641661364585
94,1.816999982111156,4.358958336524665,20.262458303477615,false,1.3187916483730078,A7BAF0F7-29ED-48E8-806C-1C07E1E9EBB0,95,626CB296-9A8F-448B-A870-27B7360F669C,95,3.7576250033453107,11.915999988559633,20.252666668966413,4.216208297293633,4.272666643373668,4.449916654266417,missing,4.553208302240819,5.113874969538301,5.319499992765486,21.29241666989401
95,1.6413332778029144,3.925041644833982,20.265791623387486,false,1.2795833172276616,A7BAF0F7-29ED-48E8-806C-1C07E1E9EBB0,96,7725AC11-6A2A-4AEC-8CEA-A4A699F649D5,96,3.6411666078493,11.919249955099076,20.255916635505855,3.8408333202823997,3.8589166360907257,4.120374971535057,missing,4.231999919284135,4.7954999026842415,4.930999944917858,20.697624946478754
96,1.4257916482165456,4.560166678857058,20.26916667819023,false,1.1642916360870004,A7BAF0F7-29ED-48E8-806C-1C07E1E9EBB0,97,3B5E84D7-EC19-4666-B6EE-928B886DB9DC,97,3.8383749779313803,11.92249997984618,20.25916666025296,4.297250008676201,4.357541678473353,4.764250013977289,missing,4.704083257820457,5.266208259854466,5.514541640877724,21.1906666518189
97,1.4454999472945929,3.9527082699351013,20.27258329326287,false,1.2145832879468799,A7BAF0F7-29ED-48E8-806C-1C07E1E9EBB0,98,8C5AD749-EF25-496A-8184-5F6E5BD9F0E6,98,3.652249986771494,11.925749946385622,20.2624166267924,3.8647916517220438,3.8803749484941363,4.119041608646512,missing,4.226749937515706,4.7925832332111895,4.9468749784864485,20.715541613753885
98,1.9360416335985065,4.458333307411522,20.275874994695187,false,1.3282916625030339,A7BAF0F7-29ED-48E8-806C-1C07E1E9EBB0,99,8CAFB120-30B4-4AEF-938E-9D691FC28AC7,99,3.7385833566077054,11.928999971132725,20.265666651539505,4.197708331048489,4.25541668664664,4.62099997093901,missing,4.582624940667301,5.145249946508557,5.393416678998619,21.36641665128991
99,1.3624999555759132,3.9913749787956476,20.27924999129027,false,1.1355833266861737,A7BAF0F7-29ED-48E8-806C-1C07E1E9EBB0,100,CA9DFDFD-A8FA-4A94-8660-890638FE76FC,100,3.6777083296328783,11.932249995879829,20.268916618078947,3.9013333152979612,3.917166613973677,4.145124985370785,missing,4.253791586961597,4.820541595108807,5.009541637264192,20.797333330847323
100,1.9497916800901294,4.631166637409478,20.28254169272259,false,1.262458332348615,A7BAF0F7-29ED-48E8-806C-1C07E1E9EBB0,101,90CC5F0A-4601-40B6-8E20-B87C79A64991,101,3.857125004287809,11.935500020626932,20.27216664282605,4.364291671663523,4.418791679199785,4.804541647899896,missing,4.776458314154297,5.34120830707252,5.562666687183082,21.255666681099683
101,1.5497083077207208,4.046458285301924,20.285916631110013,false,1.2564582866616547,A7BAF0F7-29ED-48E8-806C-1C07E1E9EBB0,102,E586012D-08E2-4B5C-AB97-716586682B16,102,3.7271666224114597,11.938749987166375,20.275416609365493,3.9462082786485553,3.961416659876704,4.171791661065072,missing,4.282791574951261,4.839999950490892,4.986833315342665,20.72579163359478
102,1.9996666815131903,4.521875001955777,20.289250009227544,false,1.3123333337716758,A7BAF0F7-29ED-48E8-806C-1C07E1E9EBB0,103,0BD01201-C014-4965-ABD4-163D83CA5BA5,103,3.8088749861344695,11.942000011913478,20.278666634112597,4.260833316948265,4.321124986745417,4.785583354532719,missing,4.716916650068015,5.282833299133927,5.495041667018086,21.231458347756416
103,1.0702083236537874,4.02904162183404,20.292583329137415,false,0.7834166171960533,A7BAF0F7-29ED-48E8-806C-1C07E1E9EBB0,104,04EC0B85-6F73-4494-B2FE-C5167B600700,104,3.7270833272486925,11.945249978452921,20.2819166588597,3.939541638828814,3.956916625611484,4.11204167176038,missing,4.2388332658447325,4.807458259165287,5.015874980017543,20.74841666035354
104,0.8771666907705367,4.497624991927296,20.2959583257325,false,0.36875001387670636,A7BAF0F7-29ED-48E8-806C-1C07E1E9EBB0,105,AE12E30B-7751-4A48-867A-FE4B42A673BD,105,3.809250018093735,11.948500003200024,20.285166683606803,4.261624999344349,4.318125022109598,4.705958359409124,missing,4.639666643925011,5.205749941524118,5.506916670128703,21.282958332449198
105,1.6587499994784594,3.969833313021809,20.299333322327584,false,1.335666631348431,A7BAF0F7-29ED-48E8-806C-1C07E1E9EBB0,106,0CE856C3-2F8B-4C3F-B92E-CE6C52D47E69,106,3.6870416370220482,11.951749969739467,20.288416650146246,3.8877082988619804,3.9036666275933385,4.1557916556485,missing,4.264083283487707,4.834541585296392,5.033791647292674,20.74549999088049
106,1.8739999504759908,4.547708260361105,20.302666642237455,false,1.2521249591372907,A7BAF0F7-29ED-48E8-806C-1C07E1E9EBB0,107,F51FD260-C97F-4D55-A26F-453C3472919A,107,3.843874961603433,11.95499993627891,20.29166661668569,4.298083309549838,4.352749965619296,4.747916595079005,missing,4.682333266828209,5.25220826966688,5.475666606798768,21.24233328504488
107,1.3371249660849571,4.046874993946403,20.305958343669772,false,1.1209166259504855,A7BAF0F7-29ED-48E8-806C-1C07E1E9EBB0,108,0AE81D08-8948-412D-B6FB-ED90860404B3,108,3.7329166661947966,11.958249961026013,20.294916641432792,3.95258329808712,3.970083314925432,4.130708344746381,missing,4.229166603181511,4.801499948371202,4.952708317432553,20.759375009220093
108,1.9599999650381505,4.508958314545453,20.309291605371982,false,1.358083274681121,A7BAF0F7-29ED-48E8-806C-1C07E1E9EBB0,109,DFD826C1-C3EE-43BA-9234-8B3F0F47503B,109,3.835916635580361,11.961499985773116,20.298166607972234,4.269333265256137,4.325249930843711,4.774249973706901,missing,4.7368332161568105,5.3045415552333,5.510333285201341,21.352541632950306
109,1.5693333116360009,3.987916628830135,20.31270833685994,false,1.3284583110362291,A7BAF0F7-29ED-48E8-806C-1C07E1E9EBB0,110,2B0AE765-57C9-4CB1-80EB-F4ECC89FA57F,110,3.699958324432373,11.96475001052022,20.301416632719338,3.900374984368682,3.9202499901875854,4.182500008028001,missing,4.291083256248385,4.863333248067647,5.064583325292915,20.76804166426882
110,2.1894582896493375,4.616458318196237,20.315999980084598,false,1.4297916204668581,A7BAF0F7-29ED-48E8-806C-1C07E1E9EBB0,111,61864E9B-92E2-4140-9287-6470DAB64A1E,111,3.9087499608285725,11.967999977059662,20.30466659925878,4.3517916346900165,4.4133333140052855,4.847749951295555,missing,4.779374925419688,5.350374907720834,5.659374932292849,21.268458280246705
111,1.465249981265515,4.068416659720242,20.319416653364897,false,1.251666632015258,A7BAF0F7-29ED-48E8-806C-1C07E1E9EBB0,112,653AEAAD-9610-45AA-8A62-9BDD5A676556,112,3.76737501937896,11.971250001806766,20.307916624005884,3.973625018261373,3.9933333173394203,4.16062498698011,missing,4.262666625436395,4.8374582547694445,4.989125009160489,20.783625019248575
112,2.0192499505355954,4.533208324573934,20.32266661990434,false,1.4182082959450781,A7BAF0F7-29ED-48E8-806C-1C07E1E9EBB0,113,B5B62289-4E60-40FA-84BF-BD935E00D0CE,113,3.8384582730941474,11.974499968346208,20.311166590545326,4.285583272576332,4.3402499868534505,4.74174995906651,missing,4.670749942306429,5.243458261247724,5.550958274397999,21.364333282690495
113,1.5140833565965295,4.0145000093616545,20.32599999802187,false,1.2867083423770964,A7BAF0F7-29ED-48E8-806C-1C07E1E9EBB0,114,C6C8A9D9-72DC-45E5-8B4E-6CFDE4011BD2,114,3.7001666496507823,11.977749993093312,20.31441667350009,3.925041644833982,3.94099997356534,4.198374983388931,missing,4.305999958887696,4.883249930571765,5.088208301458508,20.796749973669648
114,2.026208327151835,4.624249995686114,20.329374994616956,false,1.445624977350235,A7BAF0F7-29ED-48E8-806C-1C07E1E9EBB0,115,20C2B009-8F0E-4D1D-9D17-929296DF990F,115,3.8472916348837316,11.980999959632754,20.317666640039533,4.3763749417848885,4.428666608873755,4.800249997060746,missing,4.754666588269174,5.329916602931917,5.61970827402547,21.25262498157099
115,1.4902083203196526,4.011333337984979,20.332791667897254,false,1.277708332054317,A7BAF0F7-29ED-48E8-806C-1C07E1E9EBB0,116,0E9385B9-DC92-47B5-9218-4660C068E9C6,116,3.728083334863186,11.984249984379858,20.320916664786637,3.9260416524484754,3.9448333554901183,4.210958315525204,missing,4.310124961193651,4.8889582976698875,5.017583316657692,20.735708356369287
116,1.9739166600629687,4.516624961979687,20.33608331112191,false,1.3617916265502572,A7BAF0F7-29ED-48E8-806C-1C07E1E9EBB0,117,419F4345-9388-493C-9E7C-6AEA5417B561,117,3.844083286821842,11.9874999509193,20.32416663132608,4.277791653294116,4.3184999958612025,4.757333314046264,missing,4.691374953836203,5.267124914098531,5.546041647903621,21.232291648630053
117,1.45575002534315,4.009875003248453,20.339416689239442,false,1.226291642524302,A7BAF0F7-29ED-48E8-806C-1C07E1E9EBB0,118,15A201B9-51A9-4930-A0DE-6E2B9D14BC72,118,3.7090833648107946,11.990749975666404,20.327416656073183,3.92158335307613,3.9420416578650475,4.099583311472088,missing,4.204333294183016,4.7846666420809925,4.915583354886621,20.781291648745537
118,1.9880832987837493,4.497583315242082,20.342791627626866,false,1.3944582897238433,A7BAF0F7-29ED-48E8-806C-1C07E1E9EBB0,119,39939F55-1C6F-4D0C-9F98-7F539E4DB05A,119,3.834708302747458,11.994000000413507,20.330666622612625,4.268041637260467,4.322583321481943,4.797916626557708,missing,4.740333242807537,5.318624956998974,5.525916640181094,20.82991664065048
119,1.5797083615325391,4.082958330400288,20.346083329059184,false,1.3265833258628845,A7BAF0F7-29ED-48E8-806C-1C07E1E9EBB0,120,190F58BB-329A-4048-B06B-A71D26EAAAF9,120,3.7371666985563934,11.99725002516061,20.33391664735973,3.988208365626633,4.008833318948746,4.256791668012738,missing,4.360916616860777,4.942374944221228,5.144916649442166,20.825208339374512
120,1.3501666253432631,6.87191664474085,missing,true,0.0001666485331952572,missing,missing,missing,missing,missing,missing,missing,missing,missing,missing,missing,missing,missing,missing,missing