sample,handler_ms,ui_update_ms,metal_present_ms,passed,entered_ms,contact_id,input_revision,frame_id,encoded_revision,drawable_requested_ms,acquisition_began_ms,acquisition_ended_ms,render_began_ms,target_deadline_ms,target_presentation_ms,commit_began_ms,commit_returned_ms,scheduled_ms,transaction_present_requested_ms,gpu_started_ms,gpu_ended_ms,gpu_completion_ms,receipt_delivered_ms
0,1.4020000235177577,4.690416681114584,27.84345834515989,false,0.5218333681114018,D3B8DA9F-EE39-4A63-B6E2-A483302C46D9,1,614C0218-623A-458F-9AB4-1E10226CE517,1,1.3632500194944441,1.3822083128616214,1.397166692186147,4.720958357211202,missing,missing,4.835666681174189,4.845833347644657,5.034791654907167,missing,5.110708298161626,5.5751666077412665,5.7496666559018195,29.1847083135508
1,0.13320829020813107,2.1222499781288207,36.18358331732452,false,0.08104165317490697,D3B8DA9F-EE39-4A63-B6E2-A483302C46D9,2,8784EC55-546C-4AD8-BE02-194794D575DE,3,-3.4839583677239716,-3.4587083500809968,12.08958332426846,12.103333312552422,missing,missing,12.225958285853267,12.234624999109656,12.314583291299641,missing,12.461958220228553,12.951458222232759,13.175416621379554,36.824083304964006
2,1.3528750278055668,1.9862083718180656,27.85025001503527,false,1.2786249862983823,D3B8DA9F-EE39-4A63-B6E2-A483302C46D9,3,8784EC55-546C-4AD8-BE02-194794D575DE,3,-11.81729167001322,-11.792041652370244,3.7562500219792128,3.7700000102631748,missing,missing,3.892624983564019,3.901291696820408,3.9812499890103936,missing,4.128624917939305,4.6181249199435115,4.842083319090307,28.490916651207954
3,1.1877916404046118,2.234874991700053,36.19020833866671,false,1.1476249783299863,D3B8DA9F-EE39-4A63-B6E2-A483302C46D9,4,96A3FA4E-3011-4337-B9F9-FC37CCB876F4,5,-4.42795833805576,-4.404000006616116,12.085166643373668,12.100958323571831,missing,missing,12.229124957229942,12.236916634719819,12.324999959673733,missing,12.380791595205665,12.830166553612798,13.00400000764057,37.01358329271898
4,1.1536250240169466,2.0554583752527833,27.85687503637746,false,1.0951250442303717,D3B8DA9F-EE39-4A63-B6E2-A483302C46D9,5,96A3FA4E-3011-4337-B9F9-FC37CCB876F4,5,-12.761291640345007,-12.737333308905363,3.7518333410844207,3.7676250212825835,missing,missing,3.8957916549406946,3.9035833324305713,3.991666657384485,missing,4.047458292916417,4.496833251323551,4.670666705351323,28.68037502048537
5,1.169166644103825,2.0568332984112203,36.19695833185688,false,1.134416670538485,D3B8DA9F-EE39-4A63-B6E2-A483302C46D9,6,50000426-87EF-45AF-B887-920B7C5BE3C8,7,-4.425333347171545,-4.414374998304993,12.355333310551941,12.369166652206331,missing,missing,12.43595831329003,12.445041676983237,12.519375013653189,missing,12.55874993512407,13.022499915678054,13.18062498467043,38.09404163621366
6,1.1557916877791286,2.05445836763829,27.86362502956763,false,1.1058333329856396,D3B8DA9F-EE39-4A63-B6E2-A483302C46D9,7,50000426-87EF-45AF-B887-920B7C5BE3C8,7,-12.758666649460793,-12.74770830059424,4.022000008262694,4.035833349917084,missing,missing,4.102625011000782,4.11170837469399,4.186041711363941,missing,4.225416632834822,4.689166613388807,4.847291682381183,29.760833363980055
7,1.3234583311714232,1.9847083021886647,36.203708325047046,false,1.277000003028661,D3B8DA9F-EE39-4A63-B6E2-A483302C46D9,8,B1070C6D-142D-48DC-BFB7-ED4E26B84E57,9,-4.213833366520703,-4.1904166573658586,11.218625004403293,11.232916673179716,missing,missing,11.294916679617018,11.302708298899233,11.378291645087302,missing,11.399333248846233,12.483458267524838,12.60829163948074,37.67379163764417
8,1.1954583460465074,1.9865833455696702,27.8703750227578,false,1.141583372373134,D3B8DA9F-EE39-4A63-B6E2-A483302C46D9,9,B1070C6D-142D-48DC-BFB7-ED4E26B84E57,9,-12.54716666880995,-12.523749959655106,2.8852917021140456,2.8995833708904684,missing,missing,2.96158337732777,2.969374996609986,3.044958342798054,missing,3.0659999465569854,4.150124965235591,4.274958337191492,29.340541688725352
9,1.2203750084154308,1.9757499685510993,36.210416641552,false,1.1534999939613044,D3B8DA9F-EE39-4A63-B6E2-A483302C46D9,10,F30D65EC-457E-41A4-BAB2-7032D8B4957B,11,-5.3602500120177865,-5.337583308573812,11.058833333663642,11.073333327658474,missing,missing,11.131208331789821,11.137499997857958,11.217291641514748,missing,11.255458288360387,11.721291579306126,11.885041662026197,37.668458302505314
10,0.3001250443048775,2.022833388764411,27.877083339262754,false,0.2492917119525373,D3B8DA9F-EE39-4A63-B6E2-A483302C46D9,11,F30D65EC-457E-41A4-BAB2-7032D8B4957B,11,-13.693583314307034,-13.67091661086306,2.725500031374395,2.740000025369227,missing,missing,2.797875029500574,2.8041666955687106,2.883958339225501,missing,2.9221249860711396,3.387958277016878,3.551708359736949,29.33525003027171
11,0.15791668556630611,1.9769583595916629,36.21716669294983,false,0.12079166481271386,D3B8DA9F-EE39-4A63-B6E2-A483302C46D9,12,AE5FD47D-C134-4950-BE6D-0E3D9326523C,13,-5.526083346921951,-5.504666652996093,11.197541665751487,11.209916672669351,missing,missing,11.262374988291413,11.269083363004029,11.338500014971942,missing,11.377374932635576,11.847541609313339,11.986791680101305,37.89233334828168
12,0.15145837096497416,1.9591667223721743,27.883833390660584,false,0.10775000555440784,D3B8DA9F-EE39-4A63-B6E2-A483302C46D9,13,AE5FD47D-C134-4950-BE6D-0E3D9326523C,13,-13.859416649211198,-13.83799995528534,2.8642083634622395,2.8765833703801036,missing,missing,2.929041686002165,2.9357500607147813,3.005166712682694,missing,3.044041630346328,3.5142083070240915,3.6534583778120577,29.5590833411552
13,0.36545831244438887,1.9931250135414302,36.22383333276957,false,0.32637501135468483,D3B8DA9F-EE39-4A63-B6E2-A483302C46D9,14,3CDF209A-F8F2-412B-9B6A-63498B364927,15,-5.394375009927899,-5.370749975554645,10.997625009622425,11.010500020347536,missing,missing,11.06083334889263,11.069333355408162,11.145041673444211,missing,11.186374933458865,11.655583279207349,11.805708345491439,37.68279164796695
14,0.2840833622030914,1.9446250516921282,27.890500030480325,false,0.21970836678519845,D3B8DA9F-EE39-4A63-B6E2-A483302C46D9,15,3CDF209A-F8F2-412B-9B6A-63498B364927,15,-13.727708312217146,-13.704083277843893,2.6642917073331773,2.677166718058288,missing,missing,2.7275000466033816,2.7360000531189144,2.811708371154964,missing,2.853041631169617,3.3222499769181013,3.4723750432021916,29.34954169904813
15,1.3000000035390258,1.9804166513495147,36.23054164927453,false,1.2456250260584056,D3B8DA9F-EE39-4A63-B6E2-A483302C46D9,16,35C93581-681E-4969-B9F5-44D415BA18CB,17,-5.593625013716519,-5.5723333498463035,11.029166693333536,11.040374985896051,missing,missing,11.102416669018567,11.109166662208736,11.189666693098843,missing,11.223166598938406,11.693541600834578,11.852166673634201,38.07620832230896
16,1.3223749701865017,2.0115416264161468,27.89720828877762,false,1.2594583095051348,D3B8DA9F-EE39-4A63-B6E2-A483302C46D9,17,35C93581-681E-4969-B9F5-44D415BA18CB,17,-13.926958374213427,-13.905666710343212,2.695833332836628,2.7070416253991425,missing,missing,2.769083308521658,2.7758333017118275,2.8563333326019347,missing,2.889833238441497,3.36020824033767,3.518833313137293,29.742958315182477
17,0.22537499899044633,1.9781666924245656,36.23729170067236,false,0.18291670130565763,D3B8DA9F-EE39-4A63-B6E2-A483302C46D9,18,56B8C56C-52C7-4121-851B-4682367C45E6,19,-5.553374998271465,-5.532583338208497,10.999166697729379,11.011333321221173,missing,missing,11.068291671108454,11.074416688643396,11.152125021908432,missing,11.188291595317423,11.660999967716634,11.931749992072582,38.12083334196359
18,1.1480000102892518,1.9794166437350214,27.90395834017545,false,1.0970416478812695,D3B8DA9F-EE39-4A63-B6E2-A483302C46D9,19,56B8C56C-52C7-4121-851B-4682367C45E6,19,-13.886708358768374,-13.865916698705405,2.6658333372324705,2.6779999607242644,missing,missing,2.734958310611546,2.7410833281464875,2.818791661411524,missing,2.854958234820515,3.327666607219726,3.598416631575674,29.78758333483711
19,1.3230416807346046,1.9807500066235662,36.244000017177314,false,1.2629583361558616,D3B8DA9F-EE39-4A63-B6E2-A483302C46D9,20,753D49BA-559B-4E83-B7EF-FFDE4F218F63,21,-5.587499996181577,-5.5665416293777525,11.013958370313048,11.026541702449322,missing,missing,11.076833354309201,11.086958344094455,11.158791661728173,missing,11.198624968528748,11.672833294142038,11.81783335050568,36.59470833372325
20,1.1758333421312273,1.955208310391754,27.910666656680405,false,1.1381249641999602,D3B8DA9F-EE39-4A63-B6E2-A483302C46D9,21,753D49BA-559B-4E83-B7EF-FFDE4F218F63,21,-13.920833356678486,-13.899874989874661,2.68062500981614,2.6932083419524133,missing,missing,2.743499993812293,2.753624983597547,2.825458301231265,missing,2.865291608031839,3.339499933645129,3.4844999900087714,28.261624975129962
21,1.1487916926853359,1.9832500256597996,36.25070833368227,false,1.110500015784055,D3B8DA9F-EE39-4A63-B6E2-A483302C46D9,22,208EA27A-6D17-4BB8-A0CE-2D1A0212B2CE,23,-5.576708295848221,-5.557458323892206,11.021333339158446,11.044416693039238,missing,missing,11.175916704814881,11.195375001989305,11.414166714530438,missing,11.41333329724148,11.88991661183536,12.049458338879049,36.77208337467164
22,1.453666656743735,2.0932499901391566,27.91737497318536,false,1.2926666531711817,D3B8DA9F-EE39-4A63-B6E2-A483302C46D9,23,208EA27A-6D17-4BB8-A0CE-2D1A0212B2CE,23,-13.910041656345129,-13.890791684389114,2.687999978661537,2.71108333254233,missing,missing,2.8425833443179727,2.8620416414923966,3.0808333540335298,missing,3.0799999367445707,3.556583251338452,3.7161249783821404,28.43895833939314
23,1.2631250428967178,2.0033750333823264,36.257416708394885,false,1.1586666805669665,D3B8DA9F-EE39-4A63-B6E2-A483302C46D9,24,A3D7C158-D961-417E-9ED0-8F1337FEE936,25,-5.464249989017844,-5.379541660659015,11.060333345085382,11.099958384875208,missing,missing,11.272333329543471,11.297250050120056,11.516458354890347,missing,11.593874951358885,12.077291612513363,12.269291677512228,36.65145835839212
24,0.7551666349172592,1.952458347659558,27.924083347897977,false,0.6825833115726709,D3B8DA9F-EE39-4A63-B6E2-A483302C46D9,25,A3D7C158-D961-417E-9ED0-8F1337FEE936,25,-13.797583349514753,-13.712875021155924,2.726999984588474,2.7666250243782997,missing,missing,2.938999969046563,2.9639166896231472,3.183124994393438,missing,3.260541590861976,3.743958252016455,3.93595831701532,28.31841667648405
25,1.216875039972365,2.024708373937756,36.26425005495548,false,1.0919583728536963,D3B8DA9F-EE39-4A63-B6E2-A483302C46D9,26,E4B47AC8-4D84-441B-9296-F3685837404B,27,-5.360124981962144,-5.279749981127679,11.03241671808064,11.077750008553267,missing,missing,11.281708371825516,11.312875023577362,11.546333378646523,missing,11.583874933421612,12.070458265952766,12.283166695851833,36.90054168691859
26,1.2565833167172968,1.9757916452363133,27.930916694458574,false,1.185000000987202,D3B8DA9F-EE39-4A63-B6E2-A483302C46D9,27,E4B47AC8-4D84-441B-9296-F3685837404B,27,-13.693458342459053,-13.613083341624588,2.6990833575837314,2.744416648056358,missing,missing,2.948375011328608,2.979541663080454,3.2130000181496143,missing,3.2505415729247034,3.7371249054558575,3.949833335354924,28.56766665354371
27,1.3997500063851476,1.994333346374333,36.27087501809001,false,1.2294583721086383,D3B8DA9F-EE39-4A63-B6E2-A483302C46D9,28,1DF8BBE5-2AB0-4982-9A0C-F623C4268DC0,29,-5.341291660442948,-5.294499977026135,11.134333384688944,11.199750006198883,missing,missing,11.541833344381303,11.595916701480746,11.95283338893205,missing,11.914916627574712,12.395666621159762,12.643916707020253,36.73500003060326
28,1.4408749993890524,2.012416662182659,27.9375416575931,false,1.2684583198279142,D3B8DA9F-EE39-4A63-B6E2-A483302C46D9,29,1DF8BBE5-2AB0-4982-9A0C-F623C4268DC0,29,-13.674625020939857,-13.627833337523043,2.801000024192035,2.8664166457019746,missing,missing,3.208499983884394,3.262583340983838,3.619500028435141,missing,3.5815832670778036,4.062333260662854,4.3105833465233445,28.402208350598812
29,1.5100417076610029,2.0200000144541264,36.27766668796539,false,1.3347500353120267,D3B8DA9F-EE39-4A63-B6E2-A483302C46D9,30,D0B4EC21-FD96-4A98-9731-DAF441F2F8B3,31,-5.050583276897669,-4.974541603587568,11.110041697975248,11.174916697200388,missing,missing,11.458166700322181,11.5073750494048,11.940125026740134,missing,11.9134999695234,12.395999976433814,12.641500041354448,36.91954171517864
30,1.4581250143237412,2.0135833183303475,27.944333327468485,false,1.3077916810289025,D3B8DA9F-EE39-4A63-B6E2-A483302C46D9,31,D0B4EC21-FD96-4A98-9731-DAF441F2F8B3,31,-13.383916637394577,-13.307874964084476,2.7767083374783397,2.8415833367034793,missing,missing,3.1248333398252726,3.1740416889078915,3.6067916662432253,missing,3.5801666090264916,4.062666615936905,4.308166680857539,28.586791653651744
31,1.5519166481681168,2.0303750061430037,36.284333327785134,false,1.3364583137445152,D3B8DA9F-EE39-4A63-B6E2-A483302C46D9,32,EB367975-E4DB-40AC-A70F-5F67B183F88B,33,-5.140250024851412,-4.957291705068201,11.311291658785194,11.393208289518952,missing,missing,11.763916641939431,11.824249988421798,12.380333326291293,missing,12.2728748829104,12.775499897543341,13.135541637893766,36.93608334288001
32,1.5205833478830755,2.1879583364352584,27.951000025495887,false,1.3028333196416497,D3B8DA9F-EE39-4A63-B6E2-A483302C46D9,33,EB367975-E4DB-40AC-A70F-5F67B183F88B,33,-13.473583327140659,-13.290625007357448,2.9779583564959466,3.059874987229705,missing,missing,3.430583339650184,3.4909166861325502,4.047000024002045,missing,3.939541580621153,4.442166595254093,4.802208335604519,28.603333339560777
33,1.488375011831522,2.0315833389759064,36.29112499766052,false,1.3104166719131172,D3B8DA9F-EE39-4A63-B6E2-A483302C46D9,34,74035B26-695E-499F-AE43-D8B2770D3969,35,-4.8202083562500775,-4.649291688110679,12.20529165584594,12.275874963961542,missing,missing,12.624041642993689,12.681833293754607,13.170416641514748,missing,13.08229158166796,13.614291558042169,13.874958327505738,37.02562500257045
34,1.5275833429768682,2.0447500282898545,27.95779169537127,false,1.3672083732672036,D3B8DA9F-EE39-4A63-B6E2-A483302C46D9,35,74035B26-695E-499F-AE43-D8B2770D3969,35,-13.153541658539325,-12.982624990399927,3.8719583535566926,3.942541661672294,missing,missing,4.290708340704441,4.34849999146536,4.837083339225501,missing,4.748958279378712,5.280958255752921,5.54162502521649,28.692833322566003
35,1.4804583042860031,2.0376666798256338,36.29779163748026,false,1.320416631642729,D3B8DA9F-EE39-4A63-B6E2-A483302C46D9,36,BB6AAC3D-8BE3-4B19-A5DF-CDBCAAE4F651,37,-3.9673333521932364,-3.7797917029820383,12.246458325535059,12.317916669417173,missing,missing,12.659708329010755,12.71787501173094,13.21033330168575,missing,13.130499923136085,13.627624895889312,13.900249963626266,37.04983333591372
36,1.5290833543986082,2.0477083744481206,27.96445833519101,false,1.3801666791550815,D3B8DA9F-EE39-4A63-B6E2-A483302C46D9,37,BB6AAC3D-8BE3-4B19-A5DF-CDBCAAE4F651,37,-12.300666654482484,-12.113125005271286,3.9131250232458115,3.984583367127925,missing,missing,4.326375026721507,4.384541709441692,4.876999999396503,missing,4.797166620846838,5.2942915936000645,5.566916661337018,28.717083332594484
37,1.469500013627112,2.0411249715834856,36.30454163067043,false,1.304541656281799,D3B8DA9F-EE39-4A63-B6E2-A483302C46D9,38,E436DFC4-DA6D-4EF7-AF8F-3E8E432BA899,39,-3.9297916810028255,-3.755750018171966,12.418124999385327,12.489125016145408,missing,missing,12.788041669409722,12.84495834261179,13.31541663967073,missing,13.214958249591291,13.72808322776109,13.96999997086823,36.9232083321549
38,1.573875022586435,2.393166709225625,27.97120832838118,false,1.4280833420343697,D3B8DA9F-EE39-4A63-B6E2-A483302C46D9,39,E436DFC4-DA6D-4EF7-AF8F-3E8E432BA899,39,-12.263124983292073,-12.089083320461214,4.08479169709608,4.155791713856161,missing,missing,4.454708367120475,4.511625040322542,4.982083337381482,missing,4.881624947302043,5.394749925471842,5.636666668578982,28.590333356987685
39,1.4588750200346112,2.050083305221051,36.311166652012616,false,1.3057083124294877,D3B8DA9F-EE39-4A63-B6E2-A483302C46D9,40,C303D479-0A23-46FC-BD0B-142B2C941A7D,41,-3.8046250119805336,-3.714999998919666,12.304249976295978,12.374333338811994,missing,missing,12.70050002494827,12.759833305608481,13.258208346087486,missing,13.172416598536074,13.688333274330944,13.907458342146128,37.067500001285225
40,1.5756667125970125,2.0555416704155505,27.97783334972337,false,1.4250833773985505,D3B8DA9F-EE39-4A63-B6E2-A483302C46D9,41,C303D479-0A23-46FC-BD0B-142B2C941A7D,41,-12.137958314269781,-12.048333301208913,3.9709166740067303,4.041000036522746,missing,missing,4.367166722659022,4.426500003319234,4.924875043798238,missing,4.839083296246827,5.354999972041696,5.574125039856881,28.73470837948844
41,1.4719583559781313,2.055125019978732,36.317958321888,false,1.32041668985039,D3B8DA9F-EE39-4A63-B6E2-A483302C46D9,42,D23A3CDE-E712-491A-A352-FA447367ADB6,43,-3.8883333327248693,-3.7213750183582306,12.248124985489994,12.319625006057322,missing,missing,12.726833345368505,12.792000023182482,13.332291680853814,missing,13.220666616689414,13.72024993179366,14.042249997146428,37.09504165453836
42,1.7836250481195748,2.076250035315752,27.984625019598752,false,1.3339166762307286,D3B8DA9F-EE39-4A63-B6E2-A483302C46D9,43,D23A3CDE-E712-491A-A352-FA447367ADB6,43,-12.221666635014117,-12.054708320647478,3.9147916832007468,3.9862917037680745,missing,missing,4.393500043079257,4.458666720893234,4.998958378564566,missing,4.887333314400166,5.386916629504412,5.70891669485718,28.76229170942679
43,1.4701249892823398,2.061791659798473,36.3246250199154,false,1.321833347901702,D3B8DA9F-EE39-4A63-B6E2-A483302C46D9,44,10E5456B-559C-414F-8195-73C572CDEB85,45,-3.8516666390933096,-3.6821666872128844,12.2746666893363,12.352125020697713,missing,missing,12.747999979183078,12.814874993637204,13.376999995671213,missing,13.255874917376786,13.762208283878863,14.110875024925917,36.966916697565466
44,1.7845833790488541,2.092750044539571,27.991291717626154,false,1.3366250204853714,D3B8DA9F-EE39-4A63-B6E2-A483302C46D9,45,10E5456B-559C-414F-8195-73C572CDEB85,45,-12.184999941382557,-12.015499989502132,3.9413333870470524,4.018791718408465,missing,missing,4.41466667689383,4.481541691347957,5.043666693381965,missing,4.922541615087539,5.428874981589615,5.77754172263667,28.634291724301875
45,1.5512083191424608,2.0730000105686486,36.331416689790785,false,1.3607083237729967,D3B8DA9F-EE39-4A63-B6E2-A483302C46D9,46,C2186F29-B790-4CB3-BAF7-51835F5E968C,47,-3.8300000014714897,-3.636958310380578,12.25429167971015,12.321125017479062,missing,missing,12.648125004488975,12.706124980468303,13.199999986682087,missing,13.120333256665617,13.630041619762778,13.88591667637229,37.09233336849138
46,1.4331666752696037,2.077749988529831,27.998083329293877,false,1.263249956537038,D3B8DA9F-EE39-4A63-B6E2-A483302C46D9,47,C2186F29-B790-4CB3-BAF7-51835F5E968C,47,-12.163333361968398,-11.970291670877486,3.9209583192132413,3.9877916569821537,missing,missing,4.314791643992066,4.3727916199713945,4.866666626185179,missing,4.786999896168709,5.29670825926587,5.552583315875381,28.759791632182896
47,1.6566666890867054,2.0992083591409028,36.33812500629574,false,1.49779167259112,D3B8DA9F-EE39-4A63-B6E2-A483302C46D9,48,0CA12EF9-CAA2-43F8-BA13-257BFAD71880,49,-3.941625007428229,-3.768750000745058,12.27445836411789,12.35295832157135,missing,missing,12.710041657555848,12.771166686434299,13.330958317965269,missing,13.214999926276505,13.710999919567257,14.040958369150758,36.91679169423878
48,1.6515416791662574,2.0814166637137532,28.004791645798832,false,1.302999968174845,D3B8DA9F-EE39-4A63-B6E2-A483302C46D9,49,0CA12EF9-CAA2-43F8-BA13-257BFAD71880,49,-12.274958367925137,-12.102083361241966,3.941125003620982,4.019624961074442,missing,missing,4.37670829705894,4.43783332593739,4.997624957468361,missing,4.881666565779597,5.377666559070349,5.707625008653849,28.583583305589855
49,1.5258750063367188,2.084125007968396,36.34487499948591,false,1.3213750207796693,D3B8DA9F-EE39-4A63-B6E2-A483302C46D9,50,2F7DD95A-2515-428C-9D43-CD6C1EF31218,51,-3.875249996781349,-3.6822083056904376,12.260333343874663,12.337041669525206,missing,missing,12.754750030580908,12.822416669223458,13.360749988351017,missing,13.256958278361708,13.75595829449594,13.968458340968937,36.99079167563468
50,1.7154166707769036,2.1143750054761767,28.011541638989,false,1.3297499972395599,D3B8DA9F-EE39-4A63-B6E2-A483302C46D9,51,2F7DD95A-2515-428C-9D43-CD6C1EF31218,51,-12.208583357278258,-12.015541666187346,3.9269999833777547,4.003708309028298,missing,missing,4.421416670084,4.489083308726549,5.027416627854109,missing,4.9236249178647995,5.422624933999032,5.635124980472028,28.65804167231545
51,1.3202083646319807,2.3851667065173388,36.35154169751331,false,1.056166714988649,D3B8DA9F-EE39-4A63-B6E2-A483302C46D9,52,10F652C6-3DB6-493A-9E4E-3E32D23762AB,53,-3.822333295829594,-3.748249961063266,12.403708358760923,12.483416707254946,missing,missing,12.877958361059427,12.943500012625009,13.485250005032867,missing,13.339166645891964,13.849166629370302,14.187125023454428,36.995958362240344
52,1.4852916356176138,2.101458318065852,28.018208337016404,false,1.3101666700094938,D3B8DA9F-EE39-4A63-B6E2-A483302C46D9,53,10F652C6-3DB6-493A-9E4E-3E32D23762AB,53,-12.155666656326503,-12.081583321560174,4.070374998264015,4.150083346758038,missing,missing,4.544625000562519,4.6101666521281,5.151916644535959,missing,5.005833285395056,5.5158332688733935,5.853791662957519,28.66320830071345
53,1.7089166794903576,2.199166687205434,36.35829169070348,false,1.467458379920572,D3B8DA9F-EE39-4A63-B6E2-A483302C46D9,54,BCE8A8D5-1ED7-4331-9594-CBB7CE244AA1,55,-3.6997083225287497,-3.615791618358344,12.31112499954179,12.382791668642312,missing,missing,12.78329169144854,12.84550002310425,13.382625009398907,missing,13.278624974191189,13.792624929919839,14.024458359926939,37.073833344038576
54,1.496249984484166,2.105250023305416,28.024958330206573,false,1.3310416834428906,D3B8DA9F-EE39-4A63-B6E2-A483302C46D9,55,BCE8A8D5-1ED7-4331-9594-CBB7CE244AA1,55,-12.033041683025658,-11.949124978855252,3.977791639044881,4.049458308145404,missing,missing,4.449958330951631,4.512166662607342,5.049291648901999,missing,4.94529161369428,5.4592915694229305,5.691124999430031,28.74116663588211
55,1.678708358667791,2.103833365254104,36.36504168389365,false,1.5270833391696215,D3B8DA9F-EE39-4A63-B6E2-A483302C46D9,56,A1C673B4-7F8C-44E9-9888-3E201DF6B12F,57,-3.7986249662935734,-3.6177916335873306,12.25762499962002,12.326000025495887,missing,missing,12.640833389014006,12.703416694421321,13.209833356086165,missing,13.148583297152072,13.663333316799253,13.910625013522804,36.944708379451185
56,1.2713749893009663,2.1055000252090394,28.031708323396742,false,1.117041683755815,D3B8DA9F-EE39-4A63-B6E2-A483302C46D9,57,A1C673B4-7F8C-44E9-9888-3E201DF6B12F,57,-12.131958326790482,-11.951124994084239,3.924291639123112,3.9926666649989784,missing,missing,4.307500028517097,4.370083333924413,4.876499995589256,missing,4.815249936655164,5.329999956302345,5.577291653025895,28.611875022761524
57,1.5464583411812782,2.1128750522620976,36.37170838192105,false,1.3657083618454635,D3B8DA9F-EE39-4A63-B6E2-A483302C46D9,58,5FCF9A0B-A812-4D42-B9F0-E057F268A5DF,59,-3.945416654460132,-3.7748332833871245,12.28625001385808,12.361291679553688,missing,missing,12.703791726380587,12.76495837373659,13.288541696965694,missing,13.220666616689414,13.737791625317186,13.951791683211923,36.951458372641355
58,1.542625017464161,2.1096666459925473,28.038375021424145,false,1.3079583295620978,D3B8DA9F-EE39-4A63-B6E2-A483302C46D9,59,5FCF9A0B-A812-4D42-B9F0-E057F268A5DF,59,-12.27875001495704,-12.108166643884033,3.9529166533611715,4.027958319056779,missing,missing,4.370458365883678,4.431625013239682,4.955208336468786,missing,4.887333256192505,5.404458264820278,5.618458322715014,28.61870831111446
59,1.5184166841208935,2.114500035531819,36.37845837511122,false,1.3732083607465029,D3B8DA9F-EE39-4A63-B6E2-A483302C46D9,60,3E6A67AE-189E-46AC-9F49-E9E335744391,61,-3.882458317093551,-3.6899999831803143,12.273125059437007,12.341500027105212,missing,missing,12.657333340030164,12.71670835558325,13.236250029876828,missing,13.145249977242202,13.649166619870812,13.924333383329213,37.108041695319116
60,1.4814166934229434,2.122625010088086,28.045125014614314,false,1.2959583546034992,D3B8DA9F-EE39-4A63-B6E2-A483302C46D9,61,3E6A67AE-189E-46AC-9F49-E9E335744391,61,-12.21579167759046,-12.023333343677223,3.9397916989400983,4.008166666608304,missing,missing,4.323999979533255,4.383374995086342,4.90291666937992,missing,4.811916616745293,5.315833259373903,5.591000022832304,28.775291691999882
61,1.5789166209287941,2.1235416643321514,36.38520831009373,false,1.4120416599325836,D3B8DA9F-EE39-4A63-B6E2-A483302C46D9,62,9C66A157-8AD9-430F-8E56-CD3B5CEDA80B,63,-3.928833350073546,-3.761500003747642,12.279833317734301,12.349083321169019,missing,missing,12.655958300456405,12.70920829847455,13.17729166476056,missing,13.118124916218221,13.624458224512637,13.858291669748724,37.149958312511444
62,1.4426250127144158,2.124666702002287,28.051875007804483,false,1.2946249917149544,D3B8DA9F-EE39-4A63-B6E2-A483302C46D9,63,9C66A157-8AD9-430F-8E56-CD3B5CEDA80B,63,-12.262166652362794,-12.09483330603689,3.9465000154450536,4.015750018879771,missing,missing,4.322624998167157,4.375874996185303,4.843958362471312,missing,4.784791613928974,5.291124922223389,5.524958367459476,28.81720836739987
63,1.5395833179354668,2.1287499694153666,36.391916626598686,false,1.3881250051781535,D3B8DA9F-EE39-4A63-B6E2-A483302C46D9,64,9B5F3891-262F-46A0-852D-903326BF99F7,65,-3.939458343666047,-3.7720417021773756,12.342749978415668,12.41333334473893,missing,missing,12.73429166758433,12.785958300810307,13.24495830340311,missing,13.159458234440535,13.68154160445556,13.870416674762964,37.122833309695125
64,1.4234166592359543,2.127750020008534,28.05858332430944,false,1.2995416764169931,D3B8DA9F-EE39-4A63-B6E2-A483302C46D9,65,9B5F3891-262F-46A0-852D-903326BF99F7,65,-12.272791645955294,-12.105375004466623,4.0094166761264205,4.080000042449683,missing,missing,4.400958365295082,4.45262499852106,4.911625001113862,missing,4.826124932151288,5.348208302166313,5.537083372473717,28.79016665974632
65,1.6662083216942847,2.158124989364296,36.398666677996516,false,1.4454166521318257,D3B8DA9F-EE39-4A63-B6E2-A483302C46D9,66,F7EEAB3D-6C5D-4DCF-B172-CF150951DF6B,67,-3.8615833618678153,-3.7688750308007,12.415708333719522,12.494458351284266,missing,missing,12.887416640296578,12.950874981470406,13.482458307407796,missing,13.38062493596226,13.900791585911065,14.216083334758878,36.98012500535697
66,1.3676250237040222,2.138500043656677,28.06533337570727,false,1.2384167057462037,D3B8DA9F-EE39-4A63-B6E2-A483302C46D9,67,F7EEAB3D-6C5D-4DCF-B172-CF150951DF6B,67,-12.194916664157063,-12.102208333089948,4.082375031430274,4.161125048995018,missing,missing,4.554083338007331,4.6175416791811585,5.149125005118549,missing,5.047291633673012,5.567458283621818,5.88275003246963,28.64733332535252
67,1.64395832689479,2.14583333581686,36.40533331781626,false,1.5025833272375166,D3B8DA9F-EE39-4A63-B6E2-A483302C46D9,68,4332B1A5-322F-45B6-820F-E9BF61C3F441,69,-3.6930833593942225,-3.5242916783317924,12.412125011906028,12.482333346270025,missing,missing,12.786291656084359,12.84454163396731,13.284375017974526,missing,13.229833275545388,13.738333247601986,14.024083327967674,37.01595833990723
68,1.5074583352543414,2.4941666633822024,28.07200001552701,false,1.3636666699312627,D3B8DA9F-EE39-4A63-B6E2-A483302C46D9,69,4332B1A5-322F-45B6-820F-E9BF61C3F441,69,-12.02641666168347,-11.85762498062104,4.07879170961678,4.149000043980777,missing,missing,4.452958353795111,4.511208331678063,4.951041715685278,missing,4.896499973256141,5.404999945312738,5.690750025678426,28.683208336587995
69,1.4878333313390613,2.1517916466109455,36.41204163432121,false,1.3286666362546384,D3B8DA9F-EE39-4A63-B6E2-A483302C46D9,70,0E0F612B-7B1C-4F7C-91C6-D1D2BAFD726D,71,-3.8046250119805336,-3.6352500319480896,12.341416673734784,12.406374968122691,missing,missing,12.721041683107615,12.779583339579403,13.265958346892148,missing,13.196916610468179,13.72079161228612,14.000708353705704,37.089708319399506
70,1.0918750194832683,2.150833373889327,28.078708332031965,false,0.9630833519622684,D3B8DA9F-EE39-4A63-B6E2-A483302C46D9,71,0E0F612B-7B1C-4F7C-91C6-D1D2BAFD726D,71,-12.137958314269781,-11.968583334237337,4.008083371445537,4.073041665833443,missing,missing,4.387708380818367,4.446250037290156,4.932625044602901,missing,4.8635833081789315,5.387458309996873,5.667375051416457,28.75691669760272
71,1.4603749732486904,2.156374976038933,36.41879168571904,false,1.3146250275895,D3B8DA9F-EE39-4A63-B6E2-A483302C46D9,72,49758ABD-8B41-4B31-9B0C-9166D00A6E66,73,-3.869166655931622,-3.6863333079963923,12.425750028342009,12.533499975688756,missing,missing,12.932875019032508,12.991916679311544,13.458083325531334,missing,13.370374916121364,13.894124946091324,14.242250006645918,37.0660416665487
72,1.5085416962392628,2.1845417213626206,28.085458383429796,false,1.33425003150478,D3B8DA9F-EE39-4A63-B6E2-A483302C46D9,73,49758ABD-8B41-4B31-9B0C-9166D00A6E66,73,-12.20249995822087,-12.01966661028564,4.092416726052761,4.200166673399508,missing,missing,4.599541716743261,4.658583377022296,5.124750023242086,missing,5.037041613832116,5.560791643802077,5.90891670435667,28.733250044751912
73,1.558666699565947,2.1730416920036077,36.425458325538784,false,1.3715000241063535,D3B8DA9F-EE39-4A63-B6E2-A483302C46D9,74,F7C64572-C395-4408-95AF-105CF6BD160E,75,-3.655000007711351,-3.57241666642949,12.403833330608904,12.515666661784053,missing,missing,12.952166667673737,13.015416683629155,13.587916677352041,missing,13.469624915160239,13.98683327715844,14.339208311866969,36.8776666582562
74,1.541333389468491,2.2018333547748625,28.092125023249537,false,1.303125056438148,D3B8DA9F-EE39-4A63-B6E2-A483302C46D9,75,F7C64572-C395-4408-95AF-105CF6BD160E,75,-11.988333310000598,-11.905749968718737,4.070500028319657,4.182333359494805,missing,missing,4.618833365384489,4.682083381339908,5.2545833750627935,missing,5.136291612870991,5.653499974869192,6.005875009577721,28.54470838792622
75,1.9178333459421992,2.244125003926456,36.432208318728954,false,1.706916664261371,D3B8DA9F-EE39-4A63-B6E2-A483302C46D9,76,1497E19B-FD08-4F10-A4FD-A7F7DABE3682,77,-3.6308333510532975,-3.4498333116061985,12.354333361145109,12.432500021532178,missing,missing,12.818375020287931,12.884708354249597,13.385291676968336,missing,13.28529161401093,13.805541617330164,14.04345832997933,37.09475003415719
76,1.5131249674595892,2.180249954108149,28.098874958232045,false,1.3883750070817769,D3B8DA9F-EE39-4A63-B6E2-A483302C46D9,77,1497E19B-FD08-4F10-A4FD-A7F7DABE3682,77,-11.964166711550206,-11.783166672103107,4.0210000006482005,4.0991666610352695,missing,missing,4.4850416597910225,4.551374993752688,5.051958316471428,missing,4.951958253514022,5.472208256833255,5.710124969482422,28.761999972630292
77,1.618666690774262,2.2421249886974692,36.438958370126784,false,1.3275416567921638,D3B8DA9F-EE39-4A63-B6E2-A483302C46D9,78,7D500516-D794-45DF-8636-301644AD667F,79,-3.760749998036772,-3.6858749808743596,12.344499991741031,12.392250006087124,missing,missing,12.698125035967678,12.746374995913357,13.182916678488255,missing,13.14674993045628,13.692124921362847,13.95187503658235,36.978791700676084
78,1.4244583435356617,2.1801666589453816,28.105625009629875,false,1.2433750089257956,D3B8DA9F-EE39-4A63-B6E2-A483302C46D9,79,7D500516-D794-45DF-8636-301644AD667F,79,-12.09408335853368,-12.019208341371268,4.011166631244123,4.058916645590216,missing,missing,4.364791675470769,4.413041635416448,4.849583317991346,missing,4.813416569959372,5.358791560865939,5.618541676085442,28.645916667301208
79,1.3742500450462103,2.187708334531635,36.445625009946525,false,1.2057083658874035,D3B8DA9F-EE39-4A63-B6E2-A483302C46D9,80,CB54A1B9-2211-40CD-B18C-D9A9C17ED07E,81,-3.903916629496962,-3.803999978117645,12.42566667497158,12.506458326242864,missing,missing,12.83841667464003,12.903041671961546,13.445416698232293,missing,13.362458266783506,13.896458258386701,14.214208349585533,37.20300004351884
80,1.2279583024792373,2.257749962154776,28.112291649449617,false,1.0718333069235086,D3B8DA9F-EE39-4A63-B6E2-A483302C46D9,81,CB54A1B9-2211-40CD-B18C-D9A9C17ED07E,81,-12.23724998999387,-12.137333338614553,4.092333314474672,4.173124965745956,missing,missing,4.505083314143121,4.5697083114646375,5.112083337735385,missing,5.029124906286597,5.563124897889793,5.880874989088625,28.87037501204759
81,0.8494167122989893,2.213666681200266,36.452375003136694,false,0.6911666714586318,D3B8DA9F-EE39-4A63-B6E2-A483302C46D9,82,9833B713-448E-4DA0-A3CE-E6A9F85C484A,83,-3.7438749568536878,-3.5484166583046317,12.441666680388153,12.507125036790967,missing,missing,12.838583381380886,12.892750033643097,13.416500005405396,missing,13.339958270080388,13.862208288628608,14.13395837880671,37.232333328574896
82,1.4524583239108324,2.1954166586510837,28.119041642639786,false,1.3104166719131172,D3B8DA9F-EE39-4A63-B6E2-A483302C46D9,83,9833B713-448E-4DA0-A3CE-E6A9F85C484A,83,-12.077208317350596,-11.88175001880154,4.108333319891244,4.173791676294059,missing,missing,4.505250020883977,4.559416673146188,5.083166644908488,missing,5.006624909583479,5.5288749281317,5.800625018309802,28.899541648570448
83,1.846791710704565,2.2437083534896374,36.45908337784931,false,1.5985416830517352,D3B8DA9F-EE39-4A63-B6E2-A483302C46D9,84,8D40BF3F-FB3C-4491-98CB-783C3B03DCD3,85,-3.755041630938649,-3.580374992452562,12.526375008746982,12.60175002971664,missing,missing,13.007500034291297,13.07133334921673,13.629458379000425,missing,13.516874925699085,14.054749975912273,14.361250039655715,37.20666671870276
84,1.51945831021294,2.230291662272066,28.125750017352402,false,1.378291635774076,D3B8DA9F-EE39-4A63-B6E2-A483302C46D9,85,8D40BF3F-FB3C-4491-98CB-783C3B03DCD3,85,-12.088374991435558,-11.91370835294947,4.193041648250073,4.268416669219732,missing,missing,4.674166673794389,4.737999988719821,5.296125018503517,missing,5.183541565202177,5.7214166154153645,6.027916679158807,28.87391665717587
85,1.5952917165122926,2.3155000526458025,36.46575001766905,false,1.4313750434666872,D3B8DA9F-EE39-4A63-B6E2-A483302C46D9,86,25E0A287-160C-466B-AA5B-6E1F33A97278,87,-3.5719582810997963,-3.378374967724085,12.406333349645138,12.480708363000304,missing,missing,12.790791690349579,12.84891669638455,13.379208336118609,missing,13.276208308525383,13.822208275087178,14.126916707027704,37.21787501126528
86,1.464541652239859,2.2171666496433318,28.132416657172143,false,1.3159166555851698,D3B8DA9F-EE39-4A63-B6E2-A483302C46D9,87,25E0A287-160C-466B-AA5B-6E1F33A97278,87,-11.905291641596705,-11.711708328220993,4.072999989148229,4.147375002503395,missing,missing,4.45745832985267,4.515583335887641,5.0458749756217,missing,4.942874948028475,5.488874914590269,5.793583346530795,28.88516668463126
87,1.4615000109188259,2.2128333803266287,36.47245839238167,false,1.3060833443887532,D3B8DA9F-EE39-4A63-B6E2-A483302C46D9,88,66946974-B03D-4EEE-8F60-AEB250334A1D,89,-3.799208323471248,-3.6742499796673656,12.428083340637386,12.497000047005713,missing,missing,12.804625032003969,12.867125042248517,13.388291699811816,missing,13.295416603796184,13.83466663537547,14.027750003151596,37.158416700549424
88,1.4450833550654352,2.2921250201761723,28.13912503188476,false,1.305249985307455,D3B8DA9F-EE39-4A63-B6E2-A483302C46D9,89,66946974-B03D-4EEE-8F60-AEB250334A1D,89,-12.132541683968157,-12.007583340164274,4.094749980140477,4.163666686508805,missing,missing,4.4712916715070605,4.533791681751609,5.054958339314908,missing,4.962083243299276,5.5013332748785615,5.694416642654687,28.825625020544976
89,0.5672500119544566,2.2633750340901315,36.47916670888662,false,0.40475005516782403,D3B8DA9F-EE39-4A63-B6E2-A483302C46D9,90,E68E8333-63A2-419D-8B10-B850D739A765,91,-3.7812916561961174,-3.691791614983231,12.40495836827904,12.477000011131167,missing,missing,12.814875051844865,12.872166698798537,13.405958365183324,missing,13.311374990735203,13.840291649103165,14.167333371005952,37.121958390343934
90,1.4408749993890524,2.2294166847132146,28.145833348389715,false,1.3067916734144092,D3B8DA9F-EE39-4A63-B6E2-A483302C46D9,91,E68E8333-63A2-419D-8B10-B850D739A765,91,-12.114625016693026,-12.02512497548014,4.071625007782131,4.143666650634259,missing,missing,4.481541691347957,4.538833338301629,5.072625004686415,missing,4.978041630238295,5.506958288606256,5.834000010509044,28.78920832881704
91,1.6098333289846778,2.2482083295471966,36.48591664386913,false,1.3651250046677887,D3B8DA9F-EE39-4A63-B6E2-A483302C46D9,92,60717E13-ADA9-46E3-AFF7-786CFCCA84A7,93,-3.7757499958388507,-3.647791687399149,12.461333302780986,12.53108331002295,missing,missing,12.854749977122992,12.898708286229521,13.31595832016319,missing,13.247833237983286,13.77945824060589,14.014583313837647,37.067624973133206
92,1.0624583228491247,2.2617499926127493,28.152583341579884,false,0.7891666609793901,D3B8DA9F-EE39-4A63-B6E2-A483302C46D9,93,60717E13-ADA9-46E3-AFF7-786CFCCA84A7,93,-12.109083298128098,-11.981124989688396,4.128000000491738,4.197750007733703,missing,missing,4.521416674833745,4.5653749839402735,4.982625017873943,missing,4.914499935694039,5.446124938316643,5.6812500115484,28.73483335133642
93,1.6511249705217779,2.309291623532772,36.4926666370593,false,1.363041636068374,D3B8DA9F-EE39-4A63-B6E2-A483302C46D9,94,DAA2E1D7-E62F-4605-9B3B-ADCB13F363C5,95,-3.7529999972321093,-3.6647500237450004,12.472833332139999,12.546333309728652,missing,missing,12.951291631907225,13.023375009652227,13.499416643753648,missing,13.386791571974754,13.930083252489567,14.225041668396443,37.22854162333533
94,1.48974999319762,2.2610416635870934,28.159333334770054,false,1.3396666618064046,D3B8DA9F-EE39-4A63-B6E2-A483302C46D9,95,DAA2E1D7-E62F-4605-9B3B-ADCB13F363C5,95,-12.086333299521357,-11.998083326034248,4.139500029850751,4.213000007439405,missing,missing,4.617958329617977,4.69004170736298,5.1660833414644,missing,5.053458269685507,5.596749950200319,5.891708366107196,28.895750001538545
95,1.3825416681356728,2.2675416548736393,36.4993333350867,false,1.2612083228304982,D3B8DA9F-EE39-4A63-B6E2-A483302C46D9,96,A68A2EEC-B71F-470F-9D75-06AD513CE738,97,-3.6215416621416807,-3.542291698977351,12.399874976836145,12.469000008422881,missing,missing,12.838249967899173,12.90179166244343,13.437749992590398,missing,13.323416584171355,13.862166611943394,14.162833336740732,37.1225833077915
96,1.4622083399444818,2.3131666821427643,28.166000032797456,false,1.2997500016354024,D3B8DA9F-EE39-4A63-B6E2-A483302C46D9,97,A68A2EEC-B71F-470F-9D75-06AD513CE738,97,-11.954874964430928,-11.875625001266599,4.066541674546897,4.135666706133634,missing,missing,4.504916665609926,4.568458360154182,5.10441669030115,missing,4.990083281882107,5.528833309654146,5.829500034451485,28.789791685994714
97,1.115499995648861,2.2652916377410293,36.50604165159166,false,0.9528750088065863,D3B8DA9F-EE39-4A63-B6E2-A483302C46D9,98,ADA2562D-59F5-4386-A0FA-1D094B3FC9C0,99,-3.743499983102083,-3.572583314962685,12.459083343856037,12.544791679829359,missing,missing,12.9105833475478,12.967666669283062,13.513208308722824,missing,13.399333285633475,13.94083327613771,14.27691668504849,37.27283334592357
98,0.7462083594873548,2.654500014614314,28.17270834930241,false,0.5735000013373792,D3B8DA9F-EE39-4A63-B6E2-A483302C46D9,99,ADA2562D-59F5-4386-A0FA-1D094B3FC9C0,99,-12.07683328539133,-11.905916617251933,4.125750041566789,4.2114583775401115,missing,missing,4.577250045258552,4.634333366993815,5.179875006433576,missing,5.065999983344227,5.607499973848462,5.943583382759243,28.940125019289553
99,1.5197499888017774,2.2573333117179573,36.512874998152256,false,1.3410833198577166,D3B8DA9F-EE39-4A63-B6E2-A483302C46D9,100,2803710B-3C0A-4766-9B48-DD3EC6E7740B,101,-3.6801666719838977,-3.5090000019408762,12.45891663711518,12.530833308119327,missing,missing,12.911416648421437,12.974374985788018,13.51187500404194,missing,13.401916599832475,13.945041573606431,14.249291678424925,37.18862502137199
100,1.466750050894916,2.2800416918471456,28.17954169586301,false,1.3185000279918313,D3B8DA9F-EE39-4A63-B6E2-A483302C46D9,101,2803710B-3C0A-4766-9B48-DD3EC6E7740B,101,-12.013499974273145,-11.842333304230124,4.125583334825933,4.197500005830079,missing,missing,4.578083346132189,4.64104168349877,5.1785417017526925,missing,5.068583297543228,5.611708271317184,5.915958376135677,28.855625016149133
101,1.4571666833944619,2.2589166765101254,36.519500019494444,false,1.2942500179633498,D3B8DA9F-EE39-4A63-B6E2-A483302C46D9,102,52019551-0421-464D-96CF-7B26CFE2DE6B,103,-3.6729583516716957,-3.498541656881571,12.431624985765666,12.496499984990805,missing,missing,12.794166686944664,12.853624997660518,13.384291669353843,missing,13.312624942045659,13.860999955795705,14.04529163846746,37.29308332549408
102,0.9931250242516398,2.2887500235810876,28.186166717205197,false,0.8457083604298532,D3B8DA9F-EE39-4A63-B6E2-A483302C46D9,103,52019551-0421-464D-96CF-7B26CFE2DE6B,103,-12.006291653960943,-11.831874959170818,4.098291683476418,4.163166682701558,missing,missing,4.460833384655416,4.52029169537127,5.050958367064595,missing,4.979291639756411,5.527666653506458,5.711958336178213,28.960333380382508
103,1.4242083416320384,2.260749984998256,36.5262083359994,false,1.2411249917931855,D3B8DA9F-EE39-4A63-B6E2-A483302C46D9,104,6973056E-60EC-4BD8-9A2B-DF3FEA7E79B8,105,-3.7950416444800794,-3.6670833360403776,12.507250008638948,12.578124995343387,missing,missing,12.991625000722706,13.059166667517275,13.609541696496308,missing,13.525124930310994,14.075458282604814,14.409041672479361,37.247541651595384
104,1.4322500210255384,2.286916715092957,28.192875033710152,false,1.2894166866317391,D3B8DA9F-EE39-4A63-B6E2-A483302C46D9,105,6973056E-60EC-4BD8-9A2B-DF3FEA7E79B8,105,-12.128374946769327,-12.000416638329625,4.173916706349701,4.24479169305414,missing,missing,4.658291698433459,4.725833365228027,5.27620839420706,missing,5.191791628021747,5.742124980315566,6.075708370190114,28.914833383169025
105,1.494083320721984,2.3003333481028676,36.53295832918957,false,1.3112083543092012,D3B8DA9F-EE39-4A63-B6E2-A483302C46D9,106,FCDD010B-4B36-492B-8804-FEFDC9544411,107,-3.58474999666214,-3.415375016629696,12.619625020306557,12.699416663963348,missing,missing,13.022083323448896,13.075916678644717,13.576583354733884,missing,13.489291595760733,14.039416622836143,14.366083312779665,37.29170834412798
106,1.392041624058038,2.27162498049438,28.19962496869266,false,1.2643333175219595,D3B8DA9F-EE39-4A63-B6E2-A483302C46D9,107,FCDD010B-4B36-492B-8804-FEFDC9544411,107,-11.918083357159048,-11.748708377126604,4.286291659809649,4.366083303466439,missing,missing,4.688749962951988,4.742583318147808,5.243249994236976,missing,5.1559582352638245,5.706083262339234,6.032749952282757,28.958916664123535
107,1.453625038266182,2.2807500208728015,36.53962502721697,false,1.2872916995547712,D3B8DA9F-EE39-4A63-B6E2-A483302C46D9,108,586158A7-AD71-4B39-A365-D548A0D96DD2,109,-3.571000008378178,-3.393666644115001,12.472291651647538,12.536499998532236,missing,missing,12.888041674159467,12.949458323419094,13.472041697241366,missing,13.370624918024987,13.916624942794442,14.219458331353962,37.27066668216139
108,1.318291644565761,2.3118749959394336,28.206291666720062,false,1.1298749595880508,D3B8DA9F-EE39-4A63-B6E2-A483302C46D9,109,586158A7-AD71-4B39-A365-D548A0D96DD2,109,-11.904333368875086,-11.72700000461191,4.1389582911506295,4.203166638035327,missing,missing,4.554708313662559,4.616124962922186,5.1387083367444575,missing,5.037291557528079,5.583291582297534,5.886124970857054,28.93783332547173
109,1.4771666610613465,2.2865833598189056,36.54637502040714,false,1.3216666993685067,D3B8DA9F-EE39-4A63-B6E2-A483302C46D9,110,9A8E1BC2-2A2D-4ACE-A94B-4539D26ADE37,111,-3.6982916644774377,-3.5314583219587803,12.465791660360992,12.540875002741814,missing,missing,12.86791666643694,12.930083321407437,13.440958340652287,missing,13.358833268284798,13.899249956011772,14.194249990396202,37.28945832699537
110,1.442833337932825,2.382541657425463,28.213041659910232,false,1.3027916429564357,D3B8DA9F-EE39-4A63-B6E2-A483302C46D9,111,9A8E1BC2-2A2D-4ACE-A94B-4539D26ADE37,111,-12.031625024974346,-11.864791682455689,4.1324582998640835,4.207541642244905,missing,missing,4.534583305940032,4.596749960910529,5.107624980155379,missing,5.025499907787889,5.565916595514864,5.860916629899293,28.956666646990925
111,1.442000037059188,2.2910000407136977,36.55312501359731,false,1.2962500331923366,D3B8DA9F-EE39-4A63-B6E2-A483302C46D9,112,F4739338-861B-45BE-B63E-D3ABEA36B3C1,113,-3.717999963555485,-3.5612499923445284,12.523791694547981,12.597833352629095,missing,missing,12.928541691508144,12.988833361305296,13.479333370923996,missing,13.401916599832475,13.954291644040495,14.15745832491666,37.34075004467741
112,1.4422499807551503,2.3291666875593364,28.2197916531004,false,1.3106249971315265,D3B8DA9F-EE39-4A63-B6E2-A483302C46D9,113,F4739338-861B-45BE-B63E-D3ABEA36B3C1,113,-12.051333324052393,-11.894583352841437,4.190458334051073,4.264499992132187,missing,missing,4.595208331011236,4.655500000808388,5.1460000104270875,missing,5.068583239335567,5.620958283543587,5.824124964419752,29.007999983150512
113,1.4730833354406059,2.3127500317059457,36.55979171162471,false,1.3148333528079093,D3B8DA9F-EE39-4A63-B6E2-A483302C46D9,114,8A3154CE-F8F8-49AE-B6F6-8E98450A54EC,115,-3.658791654743254,-3.483583335764706,12.510125001426786,12.583333358634263,missing,missing,12.889416713733226,12.94308336218819,13.468749995809048,missing,13.3594999788329,13.910749927163124,14.19829169753939,37.331625004298985
114,1.4337916509248316,2.3568749893456697,28.226458351127803,false,1.292958331760019,D3B8DA9F-EE39-4A63-B6E2-A483302C46D9,115,8A3154CE-F8F8-49AE-B6F6-8E98450A54EC,115,-11.992125015240163,-11.816916696261615,4.176791640929878,4.249999998137355,missing,missing,4.556083353236318,4.609750001691282,5.13541663531214,missing,5.026166618335992,5.577416566666216,5.864958337042481,28.998833324294537
115,1.4726666850037873,2.3040000232867897,36.56650002812967,false,1.3201666879467666,D3B8DA9F-EE39-4A63-B6E2-A483302C46D9,116,ED4C81C0-905A-42E7-95C1-C60800C00036,117,-3.7058332818560302,-3.5358333261683583,12.50887505011633,12.57933338638395,missing,missing,12.883500021416694,12.939416687004268,13.424208387732506,missing,13.354958267882466,13.915333314798772,14.159250014927238,37.31287503615022
116,1.4378749765455723,2.3196666734293103,28.23316666763276,false,1.304458361119032,D3B8DA9F-EE39-4A63-B6E2-A483302C46D9,117,ED4C81C0-905A-42E7-95C1-C60800C00036,117,-12.039166642352939,-11.869166686665267,4.175541689619422,4.246000025887042,missing,missing,4.5501666609197855,4.60608332650736,5.090875027235597,missing,5.021624907385558,5.581999954301864,5.82591665443033,28.98008335614577
117,1.4643333852291107,2.3285833885893226,36.57320834463462,false,1.321208372246474,D3B8DA9F-EE39-4A63-B6E2-A483302C46D9,118,278E8A7F-BA47-4554-A8FB-C38E87D427E4,119,-3.7091249832883477,-3.5394166479818523,12.524916674010456,12.591041682753712,missing,missing,12.906708347145468,12.964791676495224,13.447166711557657,missing,13.379166601225734,13.944541628006846,14.237500028684735,37.35258337110281
118,1.4032500330358744,2.338416699785739,28.239874984137714,false,1.2750416644848883,D3B8DA9F-EE39-4A63-B6E2-A483302C46D9,119,278E8A7F-BA47-4554-A8FB-C38E87D427E4,119,-12.042458343785256,-11.87275000847876,4.191583313513547,4.2577083222568035,missing,missing,4.57337498664856,4.631458315998316,5.113833351060748,missing,5.045833240728825,5.611208267509937,5.904166668187827,29.019791691098362
119,1.3654166832566261,2.3169583873823285,36.57995839603245,false,1.2228750274516642,D3B8DA9F-EE39-4A63-B6E2-A483302C46D9,120,612A561D-54D3-4DEE-BEE3-592CB5F41741,120,-3.6834583152085543,-3.5086249699816108,12.607500015292317,12.689500057604164,missing,missing,13.066791696473956,13.133291678968817,13.627166685182601,missing,13.526624941732734,14.077624946366996,14.393416699022055,37.278208357747644
120,2.1518749999813735,7.045791659038514,missing,true,0.00012497184798121452,missing,missing,missing,missing,missing,missing,missing,missing,missing,missing,missing,missing,missing,missing,missing,missing,missing,missing