index,scheduled,delivered,returned,requested_x,requested_y,requested_w,requested_h,native_installed,os_presented,receipt_delivered,submission,revision,exact_status,next_advancing_os,next_advancing_submission,next_advancing_revision
0,474640.83661741676,474640.8366177918,474640.8366496668,0.0,1.5,160.0,160.0,474640.8518378334,474640.8675322918,474640.8680637501,38424A26-5BAF-4EEC-A64B-62CF106E993B,5,exact_presented,474640.8675322918,38424A26-5BAF-4EEC-A64B-62CF106E993B,5
1,474640.8449507501,474640.8460140001,474640.8460485001,0.0,3.0,160.0,160.0,474640.87670241675,474640.8925423751,474640.8930592501,FDBB58B0-F52E-4DB9-94F4-D82D66A0D2BE,6,exact_presented,474640.8925423751,FDBB58B0-F52E-4DB9-94F4-D82D66A0D2BE,6
2,474640.8532840834,474640.85438833345,474640.85442945844,0.0,4.5,160.0,160.0,missing,missing,missing,missing,missing,superseded,474640.91755254177,C64F0943-C9D2-4D53-BCB7-B10598DC2B51,7
3,474640.8616174168,474640.8627499584,474640.86278670846,0.0,6.0,160.0,160.0,missing,missing,missing,missing,missing,superseded,474640.91755254177,C64F0943-C9D2-4D53-BCB7-B10598DC2B51,7
4,474640.8699507501,474640.8710895001,474640.87112320843,0.0,7.5,160.0,160.0,474640.90187175013,474640.91755254177,474640.91814704175,C64F0943-C9D2-4D53-BCB7-B10598DC2B51,7,exact_presented,474640.91755254177,C64F0943-C9D2-4D53-BCB7-B10598DC2B51,7
5,474640.87828408345,474640.87938358344,474640.87941870844,0.0,9.0,160.0,160.0,missing,missing,missing,missing,missing,superseded,474640.9425626668,29F6BA65-CC81-4375-8775-B99A4B96A1E7,8
6,474640.88661741675,474640.88788141677,474640.8879170001,0.0,10.5,160.0,160.0,missing,missing,missing,missing,missing,superseded,474640.9425626668,29F6BA65-CC81-4375-8775-B99A4B96A1E7,8
7,474640.8949507501,474640.89607654174,474640.89611658343,0.0,12.0,160.0,160.0,474640.92700191675,474640.9425626668,474640.9431361668,29F6BA65-CC81-4375-8775-B99A4B96A1E7,8,exact_presented,474640.9425626668,29F6BA65-CC81-4375-8775-B99A4B96A1E7,8
8,474640.9032840834,474640.90441520844,474640.9044545001,0.0,13.5,160.0,160.0,missing,missing,missing,missing,missing,superseded,474640.9675727918,174C5D88-5463-43E7-AF58-C3108307897F,9
9,474640.9116174168,474640.9127211668,474640.91276191676,0.0,15.0,160.0,160.0,missing,missing,missing,missing,missing,superseded,474640.9675727918,174C5D88-5463-43E7-AF58-C3108307897F,9
10,474640.9199507501,474640.92107966676,474640.9211195834,0.0,16.5,160.0,160.0,474640.95212116675,474640.9675727918,474640.9681865834,174C5D88-5463-43E7-AF58-C3108307897F,9,exact_presented,474640.9675727918,174C5D88-5463-43E7-AF58-C3108307897F,9
11,474640.92828408343,474640.9294549168,474640.9294983751,0.0,18.0,160.0,160.0,missing,missing,missing,missing,missing,superseded,474640.9925830001,492D420B-A4B0-48D7-A408-3E1431DDD4F0,10
12,474640.93661741674,474640.9377060834,474640.9377525418,0.0,19.5,160.0,160.0,missing,missing,missing,missing,missing,superseded,474640.9925830001,492D420B-A4B0-48D7-A408-3E1431DDD4F0,10
13,474640.9449507501,474640.9461057501,474640.9461680418,0.0,21.0,160.0,160.0,474640.9775640001,474640.9925830001,474640.99321266677,492D420B-A4B0-48D7-A408-3E1431DDD4F0,10,exact_presented,474640.9925830001,492D420B-A4B0-48D7-A408-3E1431DDD4F0,10
14,474640.9532840834,474640.95445758343,474640.9545161251,0.0,22.5,160.0,160.0,missing,missing,missing,missing,missing,superseded,474641.01759308344,0E14DB64-60AB-41C4-8017-915883FF6D20,11
15,474640.96161741676,474640.96271945845,474640.96277354175,0.0,24.0,160.0,160.0,missing,missing,missing,missing,missing,superseded,474641.01759308344,0E14DB64-60AB-41C4-8017-915883FF6D20,11
16,474640.9699507501,474640.9711284168,474640.9711935418,0.0,25.5,160.0,160.0,474641.00256745843,474641.01759308344,474641.01821670844,0E14DB64-60AB-41C4-8017-915883FF6D20,11,exact_presented,474641.01759308344,0E14DB64-60AB-41C4-8017-915883FF6D20,11
17,474640.9782840834,474640.97944604175,474640.9795042918,0.0,27.0,160.0,160.0,missing,missing,missing,missing,missing,superseded,474641.0426032501,FB019BCC-D5BF-4217-A8EA-21D1315653B6,12
18,474640.9866174168,474640.9877998751,474640.9878693751,0.0,28.5,160.0,160.0,missing,missing,missing,missing,missing,superseded,474641.0426032501,FB019BCC-D5BF-4217-A8EA-21D1315653B6,12
19,474640.9949507501,474640.99606220843,474640.99612854177,0.0,30.0,160.0,160.0,474641.0329192501,474641.0426032501,474641.04325733345,FB019BCC-D5BF-4217-A8EA-21D1315653B6,12,exact_presented,474641.0426032501,FB019BCC-D5BF-4217-A8EA-21D1315653B6,12
20,474641.00328408345,474641.0036028751,474641.00367154175,0.0,31.5,160.0,160.0,missing,missing,missing,missing,missing,superseded,474641.0676133751,6E3EBBE3-2A98-430A-86A4-1FF16CB227B1,13
21,474641.01161741675,474641.01281845843,474641.01290283346,0.0,33.0,160.0,160.0,missing,missing,missing,missing,missing,superseded,474641.0676133751,6E3EBBE3-2A98-430A-86A4-1FF16CB227B1,13
22,474641.0199507501,474641.02109945845,474641.0212378334,0.0,34.5,160.0,160.0,missing,missing,missing,missing,missing,superseded,474641.0676133751,6E3EBBE3-2A98-430A-86A4-1FF16CB227B1,13
23,474641.0282840834,474641.03207491676,474641.03218479175,0.0,36.0,160.0,160.0,474641.05334508343,474641.0676133751,474641.0682599168,6E3EBBE3-2A98-430A-86A4-1FF16CB227B1,13,exact_presented,474641.0676133751,6E3EBBE3-2A98-430A-86A4-1FF16CB227B1,13
24,474641.0366174168,474641.0377607918,474641.0378517084,0.0,37.5,160.0,160.0,missing,missing,missing,missing,missing,superseded,474641.09262366674,F6D718A8-E372-4A71-91D8-EFFF754E0195,14
25,474641.0449507501,474641.0460997084,474641.0462361251,0.0,39.0,160.0,160.0,474641.0788660418,474641.09262366674,474641.0933217501,F6D718A8-E372-4A71-91D8-EFFF754E0195,14,exact_presented,474641.09262366674,F6D718A8-E372-4A71-91D8-EFFF754E0195,14
26,474641.05328408343,474641.05365695845,474641.0537282084,0.0,40.5,160.0,160.0,missing,missing,missing,missing,missing,superseded,474641.12180208345,FEC84602-365F-4822-88FC-2E5A99C835FB,15
27,474641.06161741674,474641.0627655001,474641.0629486251,0.0,42.0,160.0,160.0,missing,missing,missing,missing,missing,superseded,474641.12180208345,FEC84602-365F-4822-88FC-2E5A99C835FB,15
28,474641.0699507501,474641.07106495847,474641.07117483346,0.0,43.5,160.0,160.0,474641.1037742501,474641.12180208345,474641.12246108346,FEC84602-365F-4822-88FC-2E5A99C835FB,15,exact_presented,474641.12180208345,FEC84602-365F-4822-88FC-2E5A99C835FB,15
29,474641.0782840834,474641.0792092918,474641.0793083751,0.0,45.0,160.0,160.0,missing,missing,missing,missing,missing,superseded,474641.1426438751,7452502D-8906-47BD-953D-86BF80DCD4C6,16
30,474641.08661741676,474641.0878702918,474641.08802829176,0.0,46.5,160.0,160.0,missing,missing,missing,missing,missing,superseded,474641.1426438751,7452502D-8906-47BD-953D-86BF80DCD4C6,16
31,474641.0949507501,474641.0960807501,474641.09618591674,0.0,48.0,160.0,160.0,474641.1282141251,474641.1426438751,474641.1433342501,7452502D-8906-47BD-953D-86BF80DCD4C6,16,exact_presented,474641.1426438751,7452502D-8906-47BD-953D-86BF80DCD4C6,16
32,474641.1032840834,474641.1040454584,474641.1041254168,0.0,49.5,160.0,160.0,missing,missing,missing,missing,missing,superseded,474641.1676540001,533F5E6B-AE1D-4FE8-9C1D-0ED171380753,17
33,474641.1116174168,474641.1127750001,474641.11296950013,0.0,51.0,160.0,160.0,missing,missing,missing,missing,missing,superseded,474641.1676540001,533F5E6B-AE1D-4FE8-9C1D-0ED171380753,17
34,474641.1199507501,474641.12110920844,474641.12119320844,0.0,52.5,160.0,160.0,474641.15398608346,474641.1676540001,474641.1682639584,533F5E6B-AE1D-4FE8-9C1D-0ED171380753,17,exact_presented,474641.1676540001,533F5E6B-AE1D-4FE8-9C1D-0ED171380753,17
35,474641.12828408345,474641.1284434584,474641.12852416676,0.0,54.0,160.0,160.0,missing,missing,missing,missing,missing,superseded,474641.1926641668,586D41B4-D626-4626-BBA4-9C0CA2A4C64D,18
36,474641.13661741675,474641.13771208347,474641.13784733345,0.0,55.5,160.0,160.0,missing,missing,missing,missing,missing,superseded,474641.1926641668,586D41B4-D626-4626-BBA4-9C0CA2A4C64D,18
37,474641.1449507501,474641.14611391677,474641.1461931251,0.0,57.0,160.0,160.0,474641.1781975001,474641.1926641668,474641.1933521251,586D41B4-D626-4626-BBA4-9C0CA2A4C64D,18,exact_presented,474641.1926641668,586D41B4-D626-4626-BBA4-9C0CA2A4C64D,18
38,474641.1532840834,474641.1542822084,474641.15435308346,0.0,58.5,160.0,160.0,missing,missing,missing,missing,missing,superseded,474641.2176743751,0997F112-6D8B-4A24-8D91-4CB9693F2394,19
39,474641.1616174168,474641.16286816675,474641.1629998334,0.0,60.0,160.0,160.0,missing,missing,missing,missing,missing,superseded,474641.2176743751,0997F112-6D8B-4A24-8D91-4CB9693F2394,19
40,474641.1699507501,474641.1711601668,474641.17124070844,0.0,61.5,160.0,160.0,474641.20316520846,474641.2176743751,474641.2183767501,0997F112-6D8B-4A24-8D91-4CB9693F2394,19,exact_presented,474641.2176743751,0997F112-6D8B-4A24-8D91-4CB9693F2394,19
41,474641.17828408343,474641.17854845844,474641.1786186668,0.0,63.0,160.0,160.0,missing,missing,missing,missing,missing,superseded,474641.24268445844,FD1FC3A5-81A3-4AC8-96B2-72318184D354,20
42,474641.18661741674,474641.1877791251,474641.1879296668,0.0,64.5,160.0,160.0,missing,missing,missing,missing,missing,superseded,474641.24268445844,FD1FC3A5-81A3-4AC8-96B2-72318184D354,20
43,474641.1949507501,474641.1961039584,474641.1961757501,0.0,66.0,160.0,160.0,474641.2291005834,474641.24268445844,474641.2433717918,FD1FC3A5-81A3-4AC8-96B2-72318184D354,20,exact_presented,474641.24268445844,FD1FC3A5-81A3-4AC8-96B2-72318184D354,20
44,474641.2032840834,474641.2034870001,474641.20356166677,0.0,67.5,160.0,160.0,missing,missing,missing,missing,missing,superseded,474641.26769466675,BC0EEF66-EB11-4771-B70A-5D5991B8AEAE,21
45,474641.21161741676,474641.21259729174,474641.2127805834,0.0,69.0,160.0,160.0,missing,missing,missing,missing,missing,superseded,474641.26769466675,BC0EEF66-EB11-4771-B70A-5D5991B8AEAE,21
46,474641.2199507501,474641.2210385001,474641.22112995846,0.0,70.5,160.0,160.0,474641.2532914584,474641.26769466675,474641.2683998751,BC0EEF66-EB11-4771-B70A-5D5991B8AEAE,21,exact_presented,474641.26769466675,BC0EEF66-EB11-4771-B70A-5D5991B8AEAE,21
47,474641.2282840834,474641.2292905418,474641.2293642084,0.0,72.0,160.0,160.0,missing,missing,missing,missing,missing,superseded,474641.2927047501,106DAA67-D9FA-4472-B439-0D4832263208,22
48,474641.2366174168,474641.23778208345,474641.23795945843,0.0,73.5,160.0,160.0,missing,missing,missing,missing,missing,superseded,474641.2927047501,106DAA67-D9FA-4472-B439-0D4832263208,22
49,474641.2449507501,474641.24614458345,474641.24621883343,0.0,75.0,160.0,160.0,474641.2790880001,474641.2927047501,474641.2933962918,106DAA67-D9FA-4472-B439-0D4832263208,22,exact_presented,474641.2927047501,106DAA67-D9FA-4472-B439-0D4832263208,22
50,474641.25328408345,474641.2536187501,474641.2536945834,0.0,76.5,160.0,160.0,missing,missing,missing,missing,missing,superseded,474641.3177151251,0618C9CF-7E21-4324-83C8-14E7C5AE5C7D,23
51,474641.26161741675,474641.26261758344,474641.2628027918,0.0,78.0,160.0,160.0,missing,missing,missing,missing,missing,superseded,474641.3177151251,0618C9CF-7E21-4324-83C8-14E7C5AE5C7D,23
52,474641.2699507501,474641.2711039584,474641.27117020846,0.0,79.5,160.0,160.0,474641.3032122918,474641.3177151251,474641.3186502084,0618C9CF-7E21-4324-83C8-14E7C5AE5C7D,23,exact_presented,474641.3177151251,0618C9CF-7E21-4324-83C8-14E7C5AE5C7D,23
53,474641.2782840834,474641.2792819584,474641.27934933343,0.0,81.0,160.0,160.0,missing,missing,missing,missing,missing,superseded,474641.3427250418,44FA161D-48C9-4E17-874B-04A274212E9E,24
54,474641.2866174168,474641.28763679176,474641.2878302918,0.0,82.5,160.0,160.0,missing,missing,missing,missing,missing,superseded,474641.3427250418,44FA161D-48C9-4E17-874B-04A274212E9E,24
55,474641.2949507501,474641.29603654175,474641.2961230418,0.0,84.0,160.0,160.0,474641.33081179176,474641.3427250418,474641.34340704174,44FA161D-48C9-4E17-874B-04A274212E9E,24,exact_presented,474641.3427250418,44FA161D-48C9-4E17-874B-04A274212E9E,24
56,474641.30328408343,474641.3035672501,474641.30363404175,0.0,85.5,160.0,160.0,missing,missing,missing,missing,missing,superseded,474641.3677352501,DE351F1A-79BF-4039-A410-C180C8AC93A5,25
57,474641.31161741674,474641.3127903334,474641.31296591676,0.0,87.0,160.0,160.0,missing,missing,missing,missing,missing,superseded,474641.3677352501,DE351F1A-79BF-4039-A410-C180C8AC93A5,25
58,474641.3199507501,474641.3213138334,474641.32151479175,0.0,88.5,160.0,160.0,missing,missing,missing,missing,missing,superseded,474641.3677352501,DE351F1A-79BF-4039-A410-C180C8AC93A5,25
59,474641.3282840834,474641.32926416676,474641.3294726668,0.0,90.0,160.0,160.0,474641.3552095418,474641.3677352501,474641.3683356668,DE351F1A-79BF-4039-A410-C180C8AC93A5,25,exact_presented,474641.3677352501,DE351F1A-79BF-4039-A410-C180C8AC93A5,25
60,474641.33661741676,474641.33789266675,474641.33804270846,0.0,91.5,160.0,160.0,missing,missing,missing,missing,missing,superseded,474641.3927453751,ED8647B6-19C9-4652-8DC2-2369BC58BE9B,26
61,474641.3449507501,474641.3461366668,474641.3462595834,0.0,93.0,160.0,160.0,missing,missing,missing,missing,missing,superseded,474641.3927453751,ED8647B6-19C9-4652-8DC2-2369BC58BE9B,26
62,474641.3532840834,474641.3542075001,474641.35430204176,0.0,94.5,160.0,160.0,474641.3793875418,474641.3927453751,474641.3934147501,ED8647B6-19C9-4652-8DC2-2369BC58BE9B,26,exact_presented,474641.3927453751,ED8647B6-19C9-4652-8DC2-2369BC58BE9B,26
63,474641.3616174168,474641.36275858345,474641.36287308345,0.0,96.0,160.0,160.0,missing,missing,missing,missing,missing,superseded,474641.4177555834,E6E15DE2-C898-4F39-B363-646F48BECD31,27
64,474641.3699507501,474641.37110820843,474641.3712253334,0.0,97.5,160.0,160.0,missing,missing,missing,missing,missing,superseded,474641.4177555834,E6E15DE2-C898-4F39-B363-646F48BECD31,27
65,474641.37828408345,474641.3795627918,474641.37969391677,0.0,99.0,160.0,160.0,474641.40595058346,474641.4177555834,474641.4183849168,E6E15DE2-C898-4F39-B363-646F48BECD31,27,exact_presented,474641.4177555834,E6E15DE2-C898-4F39-B363-646F48BECD31,27
66,474641.38661741675,474641.38775970845,474641.3878993751,0.0,100.5,160.0,160.0,missing,missing,missing,missing,missing,superseded,474641.4427656251,1C201BFA-B2EB-482F-B5C8-2DD3D60D765C,28
67,474641.3949507501,474641.3956875834,474641.39582754177,0.0,102.0,160.0,160.0,missing,missing,missing,missing,missing,superseded,474641.4427656251,1C201BFA-B2EB-482F-B5C8-2DD3D60D765C,28
68,474641.4032840834,474641.40400158346,474641.40420741675,0.0,103.5,160.0,160.0,474641.43108879175,474641.4427656251,474641.4435741251,1C201BFA-B2EB-482F-B5C8-2DD3D60D765C,28,exact_presented,474641.4427656251,1C201BFA-B2EB-482F-B5C8-2DD3D60D765C,28
69,474641.4116174168,474641.4129152918,474641.41306358343,0.0,105.0,160.0,160.0,missing,missing,missing,missing,missing,superseded,474641.4677757084,7AA017C0-6FF9-4A70-BA86-83528C354BCC,29
70,474641.4199507501,474641.42090783344,474641.42111170845,0.0,106.5,160.0,160.0,missing,missing,missing,missing,missing,superseded,474641.4677757084,7AA017C0-6FF9-4A70-BA86-83528C354BCC,29
71,474641.42828408343,474641.42913329176,474641.42933958344,0.0,108.0,160.0,160.0,474641.4560808751,474641.4677757084,474641.4685526251,7AA017C0-6FF9-4A70-BA86-83528C354BCC,29,exact_presented,474641.4677757084,7AA017C0-6FF9-4A70-BA86-83528C354BCC,29
72,474641.43661741674,474641.4378807501,474641.43802454177,0.0,109.5,160.0,160.0,missing,missing,missing,missing,missing,superseded,474641.4927858751,CA79C5BF-A311-47F0-B535-0CFA9385A5BF,30
73,474641.4449507501,474641.4462571251,474641.4464432501,0.0,111.0,160.0,160.0,missing,missing,missing,missing,missing,superseded,474641.4927858751,CA79C5BF-A311-47F0-B535-0CFA9385A5BF,30
74,474641.4532840834,474641.4541294168,474641.4543182918,0.0,112.5,160.0,160.0,474641.48112958344,474641.4927858751,474641.4935521251,CA79C5BF-A311-47F0-B535-0CFA9385A5BF,30,exact_presented,474641.4927858751,CA79C5BF-A311-47F0-B535-0CFA9385A5BF,30
75,474641.46161741676,474641.4630081251,474641.4632210418,0.0,114.0,160.0,160.0,missing,missing,missing,missing,missing,superseded,474641.5177961251,DF1C9FE4-8B1F-4310-AC42-ACEA7FF5AD6B,31
76,474641.4699507501,474641.4712970001,474641.4714909584,0.0,115.5,160.0,160.0,missing,missing,missing,missing,missing,superseded,474641.5177961251,DF1C9FE4-8B1F-4310-AC42-ACEA7FF5AD6B,31
77,474641.4782840834,474641.47914558346,474641.47934645845,0.0,117.0,160.0,160.0,474641.5063061251,474641.5177961251,474641.5185656251,DF1C9FE4-8B1F-4310-AC42-ACEA7FF5AD6B,31,exact_presented,474641.5177961251,DF1C9FE4-8B1F-4310-AC42-ACEA7FF5AD6B,31
78,474641.4866174168,474641.4878510418,474641.48801054177,0.0,118.5,160.0,160.0,missing,missing,missing,missing,missing,superseded,474641.54280616675,E09DD10F-D80F-4DCE-84E9-EF45B7064F7D,32
79,474641.4949507501,474641.49626012513,474641.4964613751,0.0,120.0,160.0,160.0,missing,missing,missing,missing,missing,superseded,474641.54280616675,E09DD10F-D80F-4DCE-84E9-EF45B7064F7D,32
80,474641.50328408345,474641.5042203334,474641.5044238751,0.0,121.5,160.0,160.0,474641.53091704176,474641.54280616675,474641.54348404176,E09DD10F-D80F-4DCE-84E9-EF45B7064F7D,32,exact_presented,474641.54280616675,E09DD10F-D80F-4DCE-84E9-EF45B7064F7D,32
81,474641.51161741675,474641.5122641251,474641.51240070845,0.0,123.0,160.0,160.0,missing,missing,missing,missing,missing,superseded,474641.56781633344,A1B154E9-44BA-40CE-97DB-7F2F23E68CB9,33
82,474641.5199507501,474641.52120070846,474641.5213900001,0.0,124.5,160.0,160.0,missing,missing,missing,missing,missing,superseded,474641.56781633344,A1B154E9-44BA-40CE-97DB-7F2F23E68CB9,33
83,474641.5282840834,474641.5292705418,474641.52950245846,0.0,126.0,160.0,160.0,474641.5530836251,474641.56781633344,474641.56853783346,A1B154E9-44BA-40CE-97DB-7F2F23E68CB9,33,exact_presented,474641.56781633344,A1B154E9-44BA-40CE-97DB-7F2F23E68CB9,33
84,474641.5366174168,474641.5378729168,474641.5379861668,0.0,127.5,160.0,160.0,missing,missing,missing,missing,missing,superseded,474641.5928265001,06029CCD-7C35-46C2-88E1-1F3FC4CA0A2F,34
85,474641.5449507501,474641.54605020845,474641.5461175418,0.0,129.0,160.0,160.0,474641.5784797501,474641.5928265001,474641.5935094584,06029CCD-7C35-46C2-88E1-1F3FC4CA0A2F,34,exact_presented,474641.5928265001,06029CCD-7C35-46C2-88E1-1F3FC4CA0A2F,34
86,474641.55328408343,474641.55383325013,474641.5539042084,0.0,130.5,160.0,160.0,missing,missing,missing,missing,missing,superseded,474641.61783666676,B99F0F6F-143F-43E2-B7E5-5B5BCD89C848,35
87,474641.56161741674,474641.5627763751,474641.56293620844,0.0,132.0,160.0,160.0,missing,missing,missing,missing,missing,superseded,474641.61783666676,B99F0F6F-143F-43E2-B7E5-5B5BCD89C848,35
88,474641.5699507501,474641.5710441251,474641.5711011251,0.0,133.5,160.0,160.0,474641.6034678751,474641.61783666676,474641.6185330001,B99F0F6F-143F-43E2-B7E5-5B5BCD89C848,35,exact_presented,474641.61783666676,B99F0F6F-143F-43E2-B7E5-5B5BCD89C848,35
89,474641.5782840834,474641.5788578751,474641.57893645845,0.0,135.0,160.0,160.0,missing,missing,missing,missing,missing,superseded,474641.6428467501,E78859EA-B28E-468E-A043-27AF0DEFD561,36
90,474641.58661741676,474641.58738870843,474641.58753745846,0.0,136.5,160.0,160.0,missing,missing,missing,missing,missing,superseded,474641.6428467501,E78859EA-B28E-468E-A043-27AF0DEFD561,36
91,474641.5949507501,474641.5961064168,474641.59618066676,0.0,138.0,160.0,160.0,474641.6284372084,474641.6428467501,474641.64378083346,E78859EA-B28E-468E-A043-27AF0DEFD561,36,exact_presented,474641.6428467501,E78859EA-B28E-468E-A043-27AF0DEFD561,36
92,474641.6032840834,474641.60382745846,474641.6038982084,0.0,139.5,160.0,160.0,missing,missing,missing,missing,missing,superseded,474641.66785695846,8F8A9827-E76D-4095-9F22-2EE04C7CA915,37
93,474641.6116174168,474641.6123535418,474641.6125038334,0.0,141.0,160.0,160.0,missing,missing,missing,missing,missing,superseded,474641.66785695846,8F8A9827-E76D-4095-9F22-2EE04C7CA915,37
94,474641.6199507501,474641.6210863334,474641.6211597501,0.0,142.5,160.0,160.0,474641.65717045846,474641.66785695846,474641.6684801251,8F8A9827-E76D-4095-9F22-2EE04C7CA915,37,exact_presented,474641.66785695846,8F8A9827-E76D-4095-9F22-2EE04C7CA915,37
95,474641.62828408345,474641.6288057918,474641.6288803751,0.0,144.0,160.0,160.0,missing,missing,missing,missing,missing,superseded,474641.6928670834,157B6D0B-D907-427E-9878-F3B75B73D647,38
96,474641.63661741675,474641.63777695847,474641.6379826251,0.0,145.5,160.0,160.0,missing,missing,missing,missing,missing,superseded,474641.6928670834,157B6D0B-D907-427E-9878-F3B75B73D647,38
97,474641.6449507501,474641.64622329175,474641.6464232501,0.0,147.0,160.0,160.0,missing,missing,missing,missing,missing,superseded,474641.6928670834,157B6D0B-D907-427E-9878-F3B75B73D647,38
98,474641.6532840834,474641.6548742501,474641.6550827501,0.0,148.5,160.0,160.0,474641.6781858751,474641.6928670834,474641.6936095834,157B6D0B-D907-427E-9878-F3B75B73D647,38,exact_presented,474641.6928670834,157B6D0B-D907-427E-9878-F3B75B73D647,38
99,474641.6616174168,474641.66287795844,474641.66302195843,0.0,150.0,160.0,160.0,missing,missing,missing,missing,missing,superseded,474641.71787720843,F5AF2D43-C248-4CB2-B339-8B1CF3E847FE,39
100,474641.6699507501,474641.67110920843,474641.6711771251,0.0,151.5,160.0,160.0,474641.70495891676,474641.71787720843,474641.71852354176,F5AF2D43-C248-4CB2-B339-8B1CF3E847FE,39,exact_presented,474641.71787720843,F5AF2D43-C248-4CB2-B339-8B1CF3E847FE,39
101,474641.67828408343,474641.67842645844,474641.67853470845,0.0,153.0,160.0,160.0,missing,missing,missing,missing,missing,superseded,474641.7428873751,E6A3D457-E923-410F-BE17-B69F0DF022AA,40
102,474641.68661741674,474641.6869958334,474641.68729004177,0.0,154.5,160.0,160.0,missing,missing,missing,missing,missing,superseded,474641.7428873751,E6A3D457-E923-410F-BE17-B69F0DF022AA,40
103,474641.6949507501,474641.6960413751,474641.6961472501,0.0,156.0,160.0,160.0,missing,missing,missing,missing,missing,superseded,474641.7428873751,E6A3D457-E923-410F-BE17-B69F0DF022AA,40
104,474641.7032840834,474641.7051123334,474641.70518741675,0.0,157.5,160.0,160.0,474641.73196820845,474641.7428873751,474641.7435168751,E6A3D457-E923-410F-BE17-B69F0DF022AA,40,exact_presented,474641.7428873751,E6A3D457-E923-410F-BE17-B69F0DF022AA,40
105,474641.71161741676,474641.71264520846,474641.71281204175,0.0,159.0,160.0,160.0,missing,missing,missing,missing,missing,superseded,474641.76789750013,C6244C74-CE36-4811-A118-56FB69FB92E9,41
106,474641.7199507501,474641.72110054176,474641.7213381668,0.0,160.5,160.0,160.0,missing,missing,missing,missing,missing,superseded,474641.76789750013,C6244C74-CE36-4811-A118-56FB69FB92E9,41
107,474641.7282840834,474641.7298547501,474641.73006520845,0.0,162.0,160.0,160.0,474641.7531625001,474641.76789750013,474641.7686455001,C6244C74-CE36-4811-A118-56FB69FB92E9,41,exact_presented,474641.76789750013,C6244C74-CE36-4811-A118-56FB69FB92E9,41
108,474641.7366174168,474641.73787004175,474641.7380086668,0.0,163.5,160.0,160.0,missing,missing,missing,missing,missing,superseded,474641.7929076251,199DD184-5293-4A23-84FE-82201F45819B,42
109,474641.7449507501,474641.74620870844,474641.7464133751,0.0,165.0,160.0,160.0,474641.7800071251,474641.7929076251,474641.79360733344,199DD184-5293-4A23-84FE-82201F45819B,42,exact_presented,474641.7929076251,199DD184-5293-4A23-84FE-82201F45819B,42
110,474641.75328408345,474641.7539133751,474641.7539791251,0.0,166.5,160.0,160.0,missing,missing,missing,missing,missing,superseded,474641.8179177084,8B6CEA66-9AA0-4653-8975-3C42799578B2,43
111,474641.76161741675,474641.76277604175,474641.76293745846,0.0,168.0,160.0,160.0,missing,missing,missing,missing,missing,superseded,474641.8179177084,8B6CEA66-9AA0-4653-8975-3C42799578B2,43
112,474641.7699507501,474641.77116970846,474641.7712679168,0.0,169.5,160.0,160.0,missing,missing,missing,missing,missing,superseded,474641.8179177084,8B6CEA66-9AA0-4653-8975-3C42799578B2,43
113,474641.7782840834,474641.78015170846,474641.7802397918,0.0,171.0,160.0,160.0,474641.8036385418,474641.8179177084,474641.81886479177,8B6CEA66-9AA0-4653-8975-3C42799578B2,43,exact_presented,474641.8179177084,8B6CEA66-9AA0-4653-8975-3C42799578B2,43
114,474641.7866174168,474641.78782729176,474641.7879936668,0.0,172.5,160.0,160.0,missing,missing,missing,missing,missing,superseded,474641.8429279168,2B4D1C3C-4F3B-4EC4-9C02-2F47883D731C,44
115,474641.7949507501,474641.79602483346,474641.7961267501,0.0,174.0,160.0,160.0,474641.83117308345,474641.8429279168,474641.84364758345,2B4D1C3C-4F3B-4EC4-9C02-2F47883D731C,44,exact_presented,474641.8429279168,2B4D1C3C-4F3B-4EC4-9C02-2F47883D731C,44
116,474641.80328408343,474641.8039305418,474641.80400383344,0.0,175.5,160.0,160.0,missing,missing,missing,missing,missing,superseded,474641.86793804175,1BC04F13-4D53-4700-9FD4-F9D2B95FAF61,45
117,474641.81161741674,474641.81282504176,474641.8130015001,0.0,177.0,160.0,160.0,missing,missing,missing,missing,missing,superseded,474641.86793804175,1BC04F13-4D53-4700-9FD4-F9D2B95FAF61,45
118,474641.8199507501,474641.82129841676,474641.8215308751,0.0,178.5,160.0,160.0,missing,missing,missing,missing,missing,superseded,474641.86793804175,1BC04F13-4D53-4700-9FD4-F9D2B95FAF61,45
119,474641.8282840834,474641.8297590418,474641.8299362501,0.0,180.0,160.0,160.0,474641.85527608346,474641.86793804175,474641.86857245845,1BC04F13-4D53-4700-9FD4-F9D2B95FAF61,45,exact_presented,474641.86793804175,1BC04F13-4D53-4700-9FD4-F9D2B95FAF61,45